--
-- PostgreSQL database dump
--

-- Dumped from database version 15.3 (Debian 15.3-1.pgdg120+1)
-- Dumped by pg_dump version 17.0

SET statement_timeout = 0;
SET lock_timeout = 0;
SET idle_in_transaction_session_timeout = 0;
SET transaction_timeout = 0;
SET client_encoding = 'UTF8';
SET standard_conforming_strings = on;
SELECT pg_catalog.set_config('search_path', '', false);
SET check_function_bodies = false;
SET xmloption = content;
SET client_min_messages = warning;
SET row_security = off;

SET default_tablespace = '';

SET default_table_access_method = heap;

--
-- Name: categories; Type: TABLE; Schema: public; Owner: Christian_Cazorla
--

CREATE TABLE public.categories (
    category_id integer NOT NULL,
    name character varying(100) NOT NULL
);


ALTER TABLE public.categories OWNER TO "Christian_Cazorla";

--
-- Name: categories_category_id_seq; Type: SEQUENCE; Schema: public; Owner: Christian_Cazorla
--

CREATE SEQUENCE public.categories_category_id_seq
    AS integer
    START WITH 1
    INCREMENT BY 1
    NO MINVALUE
    NO MAXVALUE
    CACHE 1;


ALTER SEQUENCE public.categories_category_id_seq OWNER TO "Christian_Cazorla";

--
-- Name: categories_category_id_seq; Type: SEQUENCE OWNED BY; Schema: public; Owner: Christian_Cazorla
--

ALTER SEQUENCE public.categories_category_id_seq OWNED BY public.categories.category_id;


--
-- Name: continent_code_seq; Type: SEQUENCE; Schema: public; Owner: Christian_Cazorla
--

CREATE SEQUENCE public.continent_code_seq
    START WITH 1
    INCREMENT BY 1
    NO MINVALUE
    NO MAXVALUE
    CACHE 1;


ALTER SEQUENCE public.continent_code_seq OWNER TO "Christian_Cazorla";

--
-- Name: language_code_seq; Type: SEQUENCE; Schema: public; Owner: Christian_Cazorla
--

CREATE SEQUENCE public.language_code_seq
    START WITH 1
    INCREMENT BY 1
    NO MINVALUE
    NO MAXVALUE
    CACHE 1;


ALTER SEQUENCE public.language_code_seq OWNER TO "Christian_Cazorla";

--
-- Name: orderdetails; Type: TABLE; Schema: public; Owner: Christian_Cazorla
--

CREATE TABLE public.orderdetails (
    order_id integer NOT NULL,
    product_id integer NOT NULL,
    quantity integer NOT NULL
);


ALTER TABLE public.orderdetails OWNER TO "Christian_Cazorla";

--
-- Name: orders; Type: TABLE; Schema: public; Owner: Christian_Cazorla
--

CREATE TABLE public.orders (
    order_id integer NOT NULL,
    user_id integer,
    order_date timestamp without time zone DEFAULT CURRENT_TIMESTAMP
);


ALTER TABLE public.orders OWNER TO "Christian_Cazorla";

--
-- Name: orders_order_id_seq; Type: SEQUENCE; Schema: public; Owner: Christian_Cazorla
--

CREATE SEQUENCE public.orders_order_id_seq
    AS integer
    START WITH 1
    INCREMENT BY 1
    NO MINVALUE
    NO MAXVALUE
    CACHE 1;


ALTER SEQUENCE public.orders_order_id_seq OWNER TO "Christian_Cazorla";

--
-- Name: orders_order_id_seq; Type: SEQUENCE OWNED BY; Schema: public; Owner: Christian_Cazorla
--

ALTER SEQUENCE public.orders_order_id_seq OWNED BY public.orders.order_id;


--
-- Name: products; Type: TABLE; Schema: public; Owner: Christian_Cazorla
--

CREATE TABLE public.products (
    product_id integer NOT NULL,
    name character varying(100) NOT NULL,
    price numeric(10,2) NOT NULL,
    category_id integer
);


ALTER TABLE public.products OWNER TO "Christian_Cazorla";

--
-- Name: products_product_id_seq; Type: SEQUENCE; Schema: public; Owner: Christian_Cazorla
--

CREATE SEQUENCE public.products_product_id_seq
    AS integer
    START WITH 1
    INCREMENT BY 1
    NO MINVALUE
    NO MAXVALUE
    CACHE 1;


ALTER SEQUENCE public.products_product_id_seq OWNER TO "Christian_Cazorla";

--
-- Name: products_product_id_seq; Type: SEQUENCE OWNED BY; Schema: public; Owner: Christian_Cazorla
--

ALTER SEQUENCE public.products_product_id_seq OWNED BY public.products.product_id;


--
-- Name: reviews; Type: TABLE; Schema: public; Owner: Christian_Cazorla
--

CREATE TABLE public.reviews (
    review_id integer NOT NULL,
    user_id integer,
    product_id integer,
    rating integer,
    comment text,
    CONSTRAINT reviews_rating_check CHECK (((rating >= 1) AND (rating <= 5)))
);


ALTER TABLE public.reviews OWNER TO "Christian_Cazorla";

--
-- Name: reviews_review_id_seq; Type: SEQUENCE; Schema: public; Owner: Christian_Cazorla
--

CREATE SEQUENCE public.reviews_review_id_seq
    AS integer
    START WITH 1
    INCREMENT BY 1
    NO MINVALUE
    NO MAXVALUE
    CACHE 1;


ALTER SEQUENCE public.reviews_review_id_seq OWNER TO "Christian_Cazorla";

--
-- Name: reviews_review_id_seq; Type: SEQUENCE OWNED BY; Schema: public; Owner: Christian_Cazorla
--

ALTER SEQUENCE public.reviews_review_id_seq OWNED BY public.reviews.review_id;


--
-- Name: users; Type: TABLE; Schema: public; Owner: Christian_Cazorla
--

CREATE TABLE public.users (
    user_id integer NOT NULL,
    name character varying(100) NOT NULL,
    email character varying(100) NOT NULL,
    created_at timestamp without time zone DEFAULT CURRENT_TIMESTAMP
);


ALTER TABLE public.users OWNER TO "Christian_Cazorla";

--
-- Name: users_user_id_seq; Type: SEQUENCE; Schema: public; Owner: Christian_Cazorla
--

CREATE SEQUENCE public.users_user_id_seq
    AS integer
    START WITH 1
    INCREMENT BY 1
    NO MINVALUE
    NO MAXVALUE
    CACHE 1;


ALTER SEQUENCE public.users_user_id_seq OWNER TO "Christian_Cazorla";

--
-- Name: users_user_id_seq; Type: SEQUENCE OWNED BY; Schema: public; Owner: Christian_Cazorla
--

ALTER SEQUENCE public.users_user_id_seq OWNED BY public.users.user_id;


--
-- Name: categories category_id; Type: DEFAULT; Schema: public; Owner: Christian_Cazorla
--

ALTER TABLE ONLY public.categories ALTER COLUMN category_id SET DEFAULT nextval('public.categories_category_id_seq'::regclass);


--
-- Name: orders order_id; Type: DEFAULT; Schema: public; Owner: Christian_Cazorla
--

ALTER TABLE ONLY public.orders ALTER COLUMN order_id SET DEFAULT nextval('public.orders_order_id_seq'::regclass);


--
-- Name: products product_id; Type: DEFAULT; Schema: public; Owner: Christian_Cazorla
--

ALTER TABLE ONLY public.products ALTER COLUMN product_id SET DEFAULT nextval('public.products_product_id_seq'::regclass);


--
-- Name: reviews review_id; Type: DEFAULT; Schema: public; Owner: Christian_Cazorla
--

ALTER TABLE ONLY public.reviews ALTER COLUMN review_id SET DEFAULT nextval('public.reviews_review_id_seq'::regclass);


--
-- Name: users user_id; Type: DEFAULT; Schema: public; Owner: Christian_Cazorla
--

ALTER TABLE ONLY public.users ALTER COLUMN user_id SET DEFAULT nextval('public.users_user_id_seq'::regclass);


--
-- Data for Name: categories; Type: TABLE DATA; Schema: public; Owner: Christian_Cazorla
--

COPY public.categories (category_id, name) FROM stdin;
1	Electrónica
2	Ropa
3	Hogar
4	Deportes
5	Juguetes
\.


--
-- Data for Name: orderdetails; Type: TABLE DATA; Schema: public; Owner: Christian_Cazorla
--

COPY public.orderdetails (order_id, product_id, quantity) FROM stdin;
1	84	1
1	804	5
2	113	3
2	262	2
2	683	4
2	924	5
3	718	2
3	860	4
3	984	3
4	768	2
5	18	2
5	130	4
6	367	2
6	369	5
6	581	1
6	679	4
6	781	3
7	110	2
7	836	5
8	17	3
8	150	5
8	313	5
8	755	4
9	71	5
9	216	1
9	287	2
9	304	3
9	379	3
10	725	4
11	188	1
11	437	3
11	623	3
12	7	2
13	30	2
13	243	4
13	423	2
13	843	5
14	126	6
15	323	2
15	342	1
15	356	5
15	630	1
16	144	1
16	505	1
16	610	4
16	704	5
16	968	1
17	253	4
17	505	3
18	217	5
18	232	5
18	315	5
19	556	2
19	681	2
20	105	3
20	128	4
20	340	1
20	770	2
21	22	3
21	242	2
21	883	5
22	533	3
22	866	4
22	963	5
23	755	4
24	261	5
24	361	1
24	466	1
24	824	2
25	18	3
26	1	2
26	32	4
26	55	3
26	898	5
27	13	4
27	49	5
27	120	5
27	467	1
27	594	5
28	235	4
28	470	1
28	781	2
28	935	5
29	475	5
30	352	5
30	560	3
30	626	3
30	730	4
30	847	2
31	156	4
31	253	4
31	691	4
31	796	4
32	496	4
33	189	1
34	600	2
34	732	2
34	767	5
35	174	2
35	328	1
35	494	1
36	241	5
36	374	2
36	916	1
37	52	5
37	860	5
38	265	1
38	303	5
38	723	5
39	292	2
39	314	2
39	400	3
40	743	1
41	32	5
41	145	4
41	573	3
42	591	5
42	601	2
42	617	4
43	231	2
43	236	5
43	408	3
43	592	4
43	819	3
44	225	5
44	228	2
44	604	1
44	799	3
44	898	4
45	245	2
45	625	4
45	629	5
45	789	1
45	829	4
46	674	5
47	457	5
48	410	1
49	495	5
49	802	4
49	861	1
49	930	5
50	190	5
50	295	5
50	839	4
51	104	5
51	788	2
52	341	2
52	399	5
52	488	2
52	636	1
53	198	2
53	233	1
53	508	5
53	545	4
53	622	4
54	211	5
55	704	2
56	578	4
56	610	3
56	722	4
57	99	4
57	464	5
57	915	1
58	438	2
59	75	2
59	284	5
59	869	4
59	975	2
60	148	2
61	434	5
61	652	3
61	664	1
61	960	1
62	437	3
62	673	3
62	889	5
63	82	2
63	233	1
63	602	4
64	400	4
65	127	5
65	341	3
65	560	4
66	51	3
66	136	5
67	107	1
67	352	1
67	845	3
68	248	3
68	344	5
68	656	5
68	721	2
68	767	2
69	77	1
69	365	4
69	487	4
69	549	2
70	213	5
70	331	5
70	350	2
70	982	5
71	740	1
71	800	5
71	849	2
72	297	2
72	605	1
72	607	3
72	647	3
73	823	3
73	831	4
73	972	1
74	447	4
75	768	1
76	444	4
76	459	1
76	737	1
76	829	5
76	832	1
77	447	4
78	383	3
78	605	1
78	685	3
78	783	4
78	974	5
79	655	1
79	880	1
79	901	1
79	985	2
80	432	5
80	850	2
81	36	5
82	281	2
82	496	3
82	656	3
82	947	3
83	924	2
84	418	5
84	657	5
84	688	5
84	760	4
84	764	3
85	251	1
85	290	1
85	431	1
85	753	5
85	889	4
86	44	5
86	83	4
86	512	1
86	833	3
86	968	1
87	947	1
88	411	1
88	690	3
88	722	2
88	970	4
89	408	5
89	597	3
90	6	3
91	460	2
92	402	3
92	604	3
92	609	3
93	320	5
93	390	4
93	400	4
93	840	3
94	15	1
94	389	2
94	505	5
94	744	5
95	643	4
96	807	3
96	831	1
96	913	2
97	252	5
97	339	1
97	586	3
97	730	5
97	962	1
98	429	3
98	532	3
98	670	2
98	734	5
98	835	1
99	131	3
100	290	4
100	352	5
100	850	1
101	169	1
101	230	1
101	666	2
102	496	5
102	508	4
103	313	2
103	510	3
104	77	1
104	348	2
104	544	1
104	787	1
105	460	1
105	518	4
105	632	2
105	965	4
106	128	3
106	303	4
106	701	2
107	186	5
107	747	2
107	859	3
108	3	4
109	51	4
109	54	5
109	351	1
110	56	8
110	450	5
110	471	3
110	776	1
111	85	5
111	410	3
111	716	3
112	94	5
112	259	2
113	157	4
113	637	4
113	816	4
114	606	4
114	944	5
115	145	3
115	542	2
115	575	1
115	757	4
115	868	4
116	2	5
116	51	1
116	174	5
116	281	1
116	907	2
117	291	3
117	294	4
117	614	5
118	439	3
118	714	3
118	899	2
119	41	5
119	251	1
119	617	3
119	716	2
119	899	5
120	378	4
120	380	5
120	611	2
120	965	4
121	809	5
122	111	5
122	252	3
122	611	2
122	618	1
123	57	4
123	139	4
123	498	1
123	878	5
123	928	5
124	225	4
125	110	5
125	810	5
125	852	5
126	99	5
126	308	3
126	681	5
126	946	1
127	92	4
127	132	2
127	411	3
127	747	2
127	887	5
128	160	4
128	509	2
128	634	4
128	781	4
129	208	3
129	312	3
129	379	3
129	403	3
129	692	5
130	229	5
130	793	4
131	429	5
131	631	4
132	647	3
132	747	5
132	760	5
132	930	2
133	245	3
133	282	1
133	598	4
133	684	1
133	775	2
134	177	2
134	503	3
134	589	3
134	689	3
135	210	3
135	258	5
136	376	1
136	388	2
136	629	5
136	730	5
137	200	2
137	966	1
138	405	2
138	441	4
138	707	1
138	760	3
139	255	5
139	433	2
139	737	4
139	868	1
140	347	4
140	547	5
140	665	3
140	724	5
141	260	5
142	165	1
142	310	3
143	46	1
143	316	5
143	696	1
144	789	3
145	199	1
145	333	1
145	647	4
146	175	3
146	686	1
146	772	1
146	881	2
146	904	1
147	111	2
147	536	4
148	137	1
149	225	3
149	329	4
150	28	2
150	154	4
150	541	4
151	160	1
151	208	1
151	519	2
152	670	5
152	965	1
153	169	3
153	288	2
153	296	4
153	622	5
153	732	5
154	551	1
154	764	4
154	867	3
155	34	1
155	263	5
155	416	1
155	716	1
155	858	5
156	531	4
156	810	1
156	853	2
157	161	2
158	33	5
158	173	4
158	567	1
158	737	5
158	814	4
159	403	1
159	545	2
159	940	4
159	975	2
160	23	5
160	108	2
160	193	2
160	227	2
160	765	1
161	545	1
161	825	1
161	877	1
161	965	5
162	898	2
162	955	3
163	732	2
163	896	2
164	106	2
164	131	1
164	556	5
164	962	3
165	294	3
165	454	2
165	653	2
166	972	3
167	28	2
167	440	5
167	898	4
167	1000	1
168	117	2
168	540	4
168	591	5
168	866	1
168	961	2
169	573	1
169	974	2
170	678	5
171	51	5
171	81	5
171	120	1
171	845	1
171	924	5
172	313	4
172	362	4
173	257	5
174	506	4
174	741	5
175	177	4
175	290	5
175	614	4
175	984	4
176	754	3
176	998	2
177	360	5
177	451	4
178	49	4
178	268	5
178	875	5
179	356	4
180	471	5
180	903	3
180	971	5
181	271	4
181	552	1
181	781	3
182	134	2
182	396	2
182	642	5
182	852	4
183	402	4
183	485	3
183	515	3
183	618	4
183	916	2
184	142	5
184	548	1
185	188	2
185	298	5
185	563	4
186	321	5
186	560	3
186	695	3
186	895	2
186	994	5
187	563	5
188	433	3
188	651	1
188	922	1
189	83	3
189	501	4
190	13	1
190	128	2
190	575	4
190	642	1
190	826	1
191	304	4
191	330	4
191	363	1
191	565	2
192	203	2
192	607	3
192	710	1
192	769	3
192	905	5
193	455	3
193	704	5
193	744	2
193	823	1
193	992	3
194	81	3
194	217	3
194	222	3
195	499	4
195	642	4
195	683	5
195	808	5
196	660	4
197	127	2
197	431	1
197	964	4
198	968	1
199	418	2
199	939	4
200	134	1
200	223	3
200	465	1
200	469	3
201	173	5
201	266	3
201	453	3
201	857	3
202	216	4
202	601	4
202	957	5
202	999	3
203	553	2
204	140	4
204	376	4
204	381	2
204	612	1
204	805	5
205	249	5
205	484	5
205	934	1
206	824	1
207	246	2
207	307	4
207	743	4
207	847	1
208	433	2
208	437	1
208	981	2
209	27	1
209	57	4
210	620	3
210	971	5
211	482	1
211	531	3
211	745	2
211	811	5
212	278	2
212	647	4
213	375	1
214	461	5
215	57	4
216	136	5
217	561	4
217	800	3
217	924	1
218	245	2
218	358	1
218	694	5
218	828	4
218	870	5
219	168	4
219	271	4
219	340	3
219	427	1
219	754	1
220	832	3
221	911	1
222	14	4
223	138	5
223	193	1
223	418	2
223	459	5
223	766	4
224	96	1
224	783	4
224	878	3
225	265	4
225	308	3
225	443	5
225	922	3
226	501	4
226	947	5
227	215	1
227	235	3
227	871	1
227	982	3
227	988	4
228	31	2
228	486	5
229	193	1
229	210	5
229	444	2
229	457	4
229	987	5
230	181	1
230	909	5
230	927	4
231	79	1
231	288	5
231	804	3
232	473	2
232	636	1
232	657	1
232	857	3
233	184	3
233	305	1
234	458	5
234	599	5
234	758	2
235	673	1
236	15	4
236	152	1
236	695	5
236	889	3
237	622	1
237	635	1
237	778	5
238	712	4
238	898	1
239	432	1
240	609	2
241	345	4
241	356	4
241	631	4
242	92	5
242	352	1
242	574	1
242	985	4
243	525	5
244	629	1
244	814	1
245	351	4
245	474	3
245	496	1
245	499	4
245	579	2
246	456	3
246	463	2
247	46	5
247	78	1
247	512	2
247	908	3
247	949	2
248	17	5
248	22	2
248	260	5
248	666	2
249	393	2
249	595	1
249	793	2
249	852	2
250	137	3
250	666	1
250	983	4
251	170	1
251	604	2
252	95	3
252	161	3
252	471	3
253	817	4
253	940	3
254	45	2
254	114	1
254	623	4
255	200	5
255	225	1
255	543	1
255	888	2
255	935	2
256	254	1
256	823	3
256	889	3
257	49	5
257	311	2
257	813	3
257	995	4
258	368	1
258	521	2
259	353	5
259	565	1
259	805	4
260	443	4
260	842	5
260	923	2
261	96	2
261	304	5
261	380	3
261	390	5
261	409	5
262	37	3
262	232	1
262	251	1
263	79	2
263	265	3
263	510	4
263	626	2
264	47	4
264	343	2
264	469	4
264	792	4
264	820	1
265	417	4
265	748	2
265	856	4
266	585	1
266	769	5
267	239	3
268	210	5
268	216	4
268	887	1
268	948	2
269	231	5
270	344	5
270	347	4
270	686	2
270	705	3
271	9	3
271	879	4
272	450	4
272	552	1
272	980	4
273	95	2
273	163	4
273	541	2
273	679	1
274	25	4
274	66	4
274	293	4
274	326	1
274	578	4
275	209	5
275	534	4
275	552	3
275	743	4
276	4	4
276	11	1
276	315	4
276	450	3
276	713	3
277	470	5
278	136	3
278	224	4
278	655	1
278	669	3
279	256	1
279	280	2
280	84	3
280	300	3
280	359	5
280	411	2
280	414	5
281	243	3
282	710	4
282	800	1
282	846	1
283	289	1
283	619	4
283	660	3
283	999	4
284	170	1
284	356	3
284	790	4
284	859	5
285	87	4
285	389	3
285	646	1
285	651	3
286	259	4
286	415	5
286	590	2
287	203	2
287	346	2
288	185	5
288	614	2
288	884	2
289	152	3
289	807	4
290	269	2
290	369	1
290	437	1
290	553	3
290	902	2
291	716	1
292	739	5
293	61	2
293	209	1
293	216	4
293	989	5
294	942	4
295	470	3
295	854	1
295	902	2
296	133	1
296	565	3
297	297	5
297	333	5
297	428	4
297	725	5
297	802	2
298	196	2
299	532	3
300	168	2
300	661	3
300	730	5
301	469	2
301	654	4
302	294	2
302	465	2
302	776	3
302	793	1
303	45	4
303	341	5
303	556	4
303	848	4
304	902	2
304	945	1
305	1	4
305	191	3
305	382	4
306	22	5
306	589	5
306	613	1
307	46	4
307	78	5
307	534	1
307	830	4
307	885	4
308	48	5
309	3	3
309	241	3
309	749	2
309	833	4
309	923	5
310	472	3
310	559	2
310	983	5
311	82	4
311	108	3
311	592	5
311	917	3
312	897	1
312	946	4
313	71	3
313	272	3
313	490	1
313	513	5
314	720	4
315	260	1
315	512	3
316	751	1
316	889	2
317	188	5
317	193	4
317	316	2
317	489	5
317	993	4
318	77	3
318	422	5
318	800	1
318	964	4
319	382	3
319	518	5
320	238	3
320	266	5
320	750	3
320	939	5
321	123	2
321	776	1
322	621	2
322	705	1
322	989	5
323	102	4
323	237	4
323	525	2
324	149	2
324	379	1
324	469	5
325	461	2
325	690	5
325	997	2
326	368	3
327	154	5
327	745	2
328	573	5
329	435	3
329	673	3
329	762	4
329	771	5
329	972	1
330	402	5
331	120	1
331	379	4
331	691	5
331	824	1
331	940	1
332	680	1
332	992	3
333	839	2
333	909	1
333	999	3
334	239	4
334	403	1
334	505	1
334	828	3
335	398	3
336	882	3
337	605	3
338	35	4
338	489	3
338	560	2
338	985	5
339	69	1
339	701	2
340	85	1
340	153	4
340	901	5
341	235	5
341	369	1
341	616	4
341	675	4
342	84	4
342	373	4
342	383	2
342	661	4
342	831	3
343	191	1
343	453	5
343	791	4
343	832	3
343	987	4
344	911	2
345	380	2
345	460	4
345	985	1
346	154	3
346	858	1
347	193	1
347	848	4
347	963	1
348	38	2
348	43	2
348	929	3
349	33	3
349	46	3
349	760	4
349	999	4
350	346	5
350	376	2
350	503	2
351	92	1
351	120	1
351	865	3
351	994	2
352	574	2
352	743	1
352	956	1
353	239	2
353	366	5
353	460	5
353	568	3
353	578	3
354	470	4
354	557	1
355	388	4
355	544	4
356	1000	2
357	648	2
357	733	5
357	867	4
358	205	2
359	873	5
359	931	1
360	15	5
360	546	5
361	19	5
361	140	1
361	143	2
361	186	4
361	229	3
362	180	4
362	323	2
362	438	4
362	778	4
362	987	2
363	124	3
363	148	1
363	400	2
363	774	5
363	879	2
364	162	1
365	665	2
366	700	3
366	920	2
367	73	3
367	137	5
367	725	1
368	2	5
368	508	1
368	802	4
368	817	1
368	846	2
369	10	4
370	302	1
370	743	5
370	967	5
371	210	2
371	927	5
372	227	1
372	563	2
372	809	4
373	136	4
373	615	4
373	631	2
373	805	5
374	194	1
374	539	1
375	364	3
375	428	2
375	937	1
375	941	3
376	71	2
376	320	2
376	791	3
376	924	1
377	640	4
377	839	4
378	18	3
378	123	5
378	714	1
378	735	2
379	268	4
379	271	3
379	664	2
379	706	2
379	852	3
380	213	2
380	277	1
380	497	2
381	738	2
381	745	1
381	795	3
381	891	5
381	944	3
382	700	5
382	838	4
382	947	1
382	958	5
382	967	2
383	651	5
384	513	5
384	588	5
385	556	5
385	566	5
385	807	2
386	178	4
386	750	2
386	979	5
387	764	1
388	420	5
388	502	4
388	579	3
388	666	4
388	698	5
389	351	3
389	371	3
389	879	2
390	385	4
390	734	4
390	982	3
391	158	3
391	273	2
391	672	1
391	680	2
391	974	1
392	378	5
392	824	3
392	855	2
392	924	2
392	993	1
393	171	1
393	272	5
393	473	1
393	554	2
393	654	2
394	205	3
394	322	4
394	355	4
394	969	1
394	983	2
395	130	1
395	652	2
396	253	2
397	486	4
397	721	4
397	941	2
398	337	5
399	153	1
399	533	3
399	915	4
399	967	3
400	656	4
400	800	5
400	962	4
401	160	5
402	269	4
402	627	2
402	952	2
403	279	4
403	300	1
403	619	3
403	701	4
404	107	3
404	186	2
404	607	4
405	54	4
405	735	5
406	21	4
406	197	3
406	351	1
406	511	2
406	722	4
407	87	3
407	234	3
407	424	1
407	519	4
407	653	5
408	630	3
409	948	4
410	232	4
410	610	3
411	549	1
411	690	5
411	779	5
411	985	2
412	306	5
412	393	1
412	447	3
412	772	3
412	983	4
413	234	1
414	177	3
414	321	3
414	861	1
414	936	3
414	987	2
415	334	1
415	393	2
415	933	4
416	443	2
416	805	2
417	151	5
417	189	3
417	238	2
417	607	5
418	655	4
419	706	1
420	144	5
420	401	1
420	723	5
420	950	2
421	164	4
421	811	3
422	224	1
422	252	3
422	474	5
422	832	3
422	952	4
423	139	2
423	539	5
423	635	4
424	646	1
425	126	2
425	201	2
425	319	3
425	334	4
425	779	5
426	106	2
426	147	4
426	664	1
426	776	2
427	16	2
427	147	3
427	887	1
428	448	1
428	793	3
428	794	4
429	148	3
429	323	5
430	211	1
430	419	2
430	952	2
431	516	4
431	726	1
432	482	2
432	616	3
432	659	5
432	685	4
433	130	3
433	353	1
434	871	3
434	886	4
435	92	5
435	115	1
435	373	3
435	862	1
436	88	5
436	466	5
436	566	1
436	585	1
436	770	4
437	221	4
437	293	4
437	532	1
437	581	5
437	616	4
438	109	2
438	251	2
438	519	4
438	885	3
438	897	3
439	53	2
439	443	4
439	873	4
439	880	1
439	962	3
440	275	2
441	87	4
441	411	2
441	628	3
441	796	5
442	45	5
442	295	5
442	937	5
442	962	5
443	846	1
443	915	5
444	414	4
444	818	5
444	869	2
444	894	1
445	457	2
445	605	1
445	861	5
445	986	1
446	255	4
446	820	3
446	823	3
447	550	1
447	600	1
447	629	1
448	82	3
448	522	3
448	757	2
448	1000	4
449	488	5
449	859	5
450	140	4
451	68	1
451	569	5
451	719	4
451	783	5
451	971	1
452	869	5
452	889	4
453	602	1
454	630	2
454	826	2
454	828	4
455	651	5
455	843	3
455	948	5
456	147	5
456	223	5
456	927	4
457	990	2
458	388	1
458	487	2
459	71	2
459	369	4
459	790	2
459	805	5
459	822	2
460	646	4
460	887	3
461	530	2
462	221	2
462	426	2
462	548	1
463	19	3
463	74	2
464	151	3
464	782	3
465	371	2
465	523	4
465	813	3
466	133	4
466	258	5
466	551	5
466	730	3
466	775	5
467	171	3
467	713	1
467	957	2
468	215	2
468	239	3
468	817	5
468	926	3
469	430	1
469	508	3
469	725	5
469	731	5
469	902	2
470	25	5
470	477	1
470	679	2
470	696	2
471	278	1
471	552	4
472	95	2
472	141	5
472	204	3
472	421	1
473	284	3
473	542	4
474	18	2
474	253	5
474	266	2
474	656	2
474	884	4
475	12	5
475	374	1
475	894	1
476	68	2
476	484	2
476	565	3
477	125	3
477	192	1
477	195	2
477	304	2
477	875	1
478	5	2
478	684	1
479	689	5
479	753	5
479	813	5
479	918	3
479	1000	3
480	891	4
481	62	5
481	70	2
481	434	2
481	775	1
481	866	2
482	56	3
482	268	4
482	872	5
482	958	4
483	211	2
483	283	3
484	582	4
485	46	1
485	197	1
485	251	4
485	334	1
486	249	2
487	108	4
487	113	2
487	283	1
487	475	5
487	752	5
488	170	5
488	461	4
488	605	4
488	606	3
488	995	2
489	148	2
489	343	3
489	410	3
489	465	2
489	469	1
490	295	2
491	813	5
491	969	5
492	401	5
492	525	2
492	758	1
492	856	2
492	862	1
493	258	1
493	362	5
493	429	1
494	56	3
494	277	2
494	582	2
494	777	1
494	842	3
495	172	1
495	350	3
496	170	1
496	588	1
496	614	1
497	90	2
498	916	1
499	436	2
500	89	4
500	478	5
500	539	4
501	104	2
501	375	4
501	575	1
501	849	1
501	972	1
502	151	4
502	515	4
502	665	4
503	493	2
503	916	3
504	486	2
505	495	2
505	624	3
505	744	3
505	936	4
506	381	5
506	528	5
506	536	3
506	540	2
507	232	5
507	258	2
508	338	5
509	99	4
509	116	5
509	712	1
509	803	3
509	986	2
510	160	4
510	433	1
510	992	1
511	78	5
512	305	4
512	774	4
513	482	2
513	958	1
513	982	5
514	5	1
514	84	2
514	618	5
515	296	3
515	664	3
516	953	2
517	306	3
518	28	1
518	111	3
518	584	3
518	818	3
518	833	1
519	16	1
519	189	3
519	686	1
519	863	1
520	274	1
520	302	1
520	549	5
520	585	2
520	783	3
521	419	3
521	433	4
521	437	3
522	600	4
522	701	3
522	848	3
523	935	5
523	961	5
524	270	2
524	271	2
524	502	5
524	518	2
524	726	3
525	78	2
525	250	4
525	311	4
525	915	2
526	55	1
526	275	4
526	367	1
526	483	2
527	481	5
528	243	3
528	508	1
528	693	2
528	930	2
529	193	1
529	194	1
530	124	5
530	648	4
530	687	4
530	980	2
531	95	5
531	296	1
531	299	4
531	866	1
532	19	2
532	121	4
532	227	1
532	666	5
532	926	2
533	351	5
533	390	4
534	46	1
534	244	1
534	703	4
534	792	2
534	873	2
535	650	3
535	999	4
536	12	4
537	246	2
537	931	4
537	974	1
538	827	3
539	403	3
539	432	5
539	490	1
539	569	2
539	765	5
540	365	4
541	239	2
541	281	3
541	463	5
541	631	2
541	946	3
542	20	5
542	126	5
542	504	1
542	924	3
542	940	3
543	147	5
543	651	4
543	990	1
544	233	1
544	480	1
544	496	4
544	688	4
544	988	4
545	370	3
545	685	4
546	127	4
546	213	2
546	929	3
547	963	5
548	175	3
549	124	5
549	138	1
549	460	5
549	914	1
550	549	2
550	721	2
550	790	2
551	400	1
551	407	1
551	626	2
551	709	3
551	943	3
552	536	4
553	354	3
553	562	1
554	70	2
554	294	1
554	568	4
554	780	1
554	948	1
555	14	1
556	149	2
556	264	1
556	597	4
556	626	5
556	782	1
557	99	4
557	419	4
557	476	4
557	723	2
558	54	4
558	100	4
558	385	4
558	487	5
558	822	5
559	370	4
559	759	5
559	967	3
560	964	4
561	152	5
561	546	2
561	559	3
561	776	4
561	818	4
562	525	4
562	933	4
563	65	4
563	162	3
563	244	3
563	281	2
563	787	4
564	83	5
564	822	2
564	830	3
564	832	1
564	929	2
565	435	2
566	658	3
567	349	1
567	757	4
567	775	2
568	614	5
568	922	5
569	22	1
569	166	1
569	320	2
569	949	5
570	434	2
571	864	2
572	211	2
572	225	4
572	250	2
572	253	2
572	262	5
573	284	5
574	203	3
574	330	3
574	335	2
574	389	4
575	127	5
575	555	3
575	593	3
575	875	1
576	55	3
576	145	3
576	341	3
576	984	2
577	57	1
577	96	4
577	200	4
577	218	3
577	797	5
578	960	3
578	991	2
579	267	3
579	427	3
579	550	1
579	919	5
580	290	3
580	747	5
581	190	2
581	361	4
581	740	3
582	258	1
583	339	1
583	532	3
583	646	4
583	861	1
584	470	4
585	65	1
585	594	4
585	727	5
586	57	5
586	805	4
586	811	4
587	282	4
587	552	5
587	557	1
587	801	5
588	57	2
588	241	3
588	248	3
589	454	1
590	315	4
591	124	3
591	397	5
591	469	2
591	498	4
592	71	3
592	578	4
592	610	3
592	784	2
593	522	4
593	581	5
594	41	4
594	366	1
595	146	1
595	163	4
595	846	3
595	849	3
595	1000	5
596	329	3
596	424	4
596	517	1
597	566	3
597	666	4
597	815	4
598	138	1
598	495	4
598	676	2
598	990	4
599	276	1
599	559	4
599	601	3
600	99	1
600	447	2
600	454	1
600	794	5
600	906	3
601	408	4
601	895	5
602	84	2
602	750	1
603	120	5
603	402	4
603	976	2
604	193	3
604	266	1
604	534	1
605	60	4
605	396	4
605	425	5
605	483	3
605	922	3
606	500	1
606	674	1
606	743	1
606	814	4
607	642	4
607	843	5
608	159	3
608	443	2
608	445	1
608	512	5
609	340	2
609	414	3
609	445	5
609	608	4
609	670	3
610	729	5
610	975	2
611	216	2
611	348	2
611	508	1
611	994	3
612	933	4
613	38	3
614	301	2
614	335	1
614	943	3
615	26	2
615	257	3
615	310	1
615	672	2
616	123	3
616	216	3
616	594	2
616	687	1
616	933	5
617	166	2
617	399	1
617	427	5
617	696	5
617	780	5
618	184	2
618	420	1
618	478	3
618	777	3
618	799	1
619	362	4
620	179	5
620	190	1
621	525	5
621	638	3
621	970	2
622	210	3
622	329	1
622	533	4
622	639	3
622	920	3
623	60	5
623	230	2
623	495	3
623	828	1
624	330	1
624	722	4
625	285	1
625	811	4
625	942	5
626	172	2
626	301	1
626	380	4
626	742	4
627	3	1
627	246	4
627	345	5
628	445	1
628	536	5
628	791	1
629	86	2
630	598	2
631	421	2
631	529	1
631	585	4
632	2	2
632	155	2
632	403	1
632	835	2
632	872	4
633	372	4
634	178	4
634	587	2
635	561	4
636	737	5
637	16	4
637	721	2
638	26	1
638	430	2
639	23	4
639	25	3
639	487	1
639	968	1
639	983	3
640	13	2
640	197	1
640	399	5
641	776	5
642	447	2
642	541	2
642	888	2
642	946	5
642	975	1
643	250	1
643	511	4
643	541	2
644	101	2
644	587	1
644	685	1
644	924	2
645	242	4
645	384	1
645	440	5
645	474	3
645	478	3
646	76	1
646	434	3
646	774	5
647	784	3
648	163	2
648	615	4
649	83	2
649	297	4
649	381	5
649	705	3
650	288	4
650	345	2
650	447	5
650	517	4
650	840	2
651	248	5
651	440	3
651	717	4
651	745	3
651	809	3
652	330	2
652	406	5
652	486	3
652	860	1
653	96	1
653	608	2
653	691	2
653	866	4
653	936	4
654	16	1
654	483	5
654	613	5
654	717	5
654	939	5
655	492	3
656	822	4
657	320	3
657	387	1
657	723	1
657	948	3
657	989	5
658	38	2
658	330	2
658	402	1
658	467	4
658	646	3
659	464	3
659	557	1
659	823	5
659	983	1
660	75	1
660	305	5
660	966	2
661	223	3
661	265	1
661	422	1
661	474	1
662	78	4
663	79	5
663	513	2
663	571	5
664	178	1
664	928	2
664	943	3
664	987	4
665	86	4
665	214	5
665	240	1
665	515	4
665	676	5
666	251	2
666	675	3
666	762	4
667	281	1
667	739	4
668	607	2
668	978	1
669	201	4
669	885	3
670	206	3
670	411	4
670	418	5
671	65	4
671	87	3
671	129	4
671	154	1
671	654	1
672	183	5
672	321	1
672	441	5
672	670	5
672	880	3
673	945	4
673	970	5
674	52	4
674	317	4
674	632	1
674	687	1
674	722	1
675	57	1
675	68	3
675	87	1
675	308	5
675	871	3
676	44	3
676	94	1
677	93	2
677	425	2
677	565	2
677	588	1
678	735	3
679	127	5
679	282	4
679	315	5
679	975	5
680	34	3
680	284	5
680	886	1
681	66	4
681	682	4
681	767	5
682	86	3
682	136	3
682	617	3
683	224	3
683	370	5
683	659	4
683	728	1
683	846	4
684	278	4
684	347	3
684	423	3
684	679	5
684	707	4
685	136	4
685	330	3
685	556	3
685	613	4
686	268	2
686	509	5
687	24	1
687	275	1
687	427	4
687	457	3
687	969	3
688	858	2
689	43	2
689	522	1
689	903	2
690	794	4
690	980	2
691	290	4
691	413	4
691	583	2
691	860	6
692	185	3
693	969	5
694	449	3
695	319	1
695	403	1
696	842	3
697	475	2
697	680	1
697	682	5
697	885	1
698	45	5
698	396	1
698	911	3
699	233	4
699	369	1
699	421	1
699	537	3
699	840	2
700	19	2
700	276	3
700	407	5
701	205	4
701	627	5
701	686	2
702	32	4
702	157	1
702	272	5
702	572	5
702	669	5
703	38	1
703	391	5
703	492	5
703	644	5
703	775	5
704	115	5
704	516	1
705	16	2
705	86	2
705	969	1
706	296	5
707	80	3
707	299	4
707	716	3
708	283	1
708	392	2
708	656	4
709	692	4
710	236	4
710	398	1
710	467	1
710	624	5
710	801	4
711	25	2
711	93	1
711	111	2
711	551	5
711	940	4
712	533	1
713	79	5
713	592	1
713	907	2
714	438	5
714	716	4
715	132	1
715	207	2
715	871	3
716	471	5
716	526	1
716	562	4
716	835	1
717	64	3
717	527	1
717	587	5
717	678	4
718	235	2
718	606	2
718	779	1
718	824	5
718	967	1
719	254	1
720	98	3
720	217	5
720	411	4
720	554	4
720	944	4
721	108	2
721	746	3
721	774	1
721	797	4
721	941	5
722	106	5
722	596	4
722	653	1
722	986	1
723	14	1
724	871	5
725	337	3
725	913	5
726	420	1
726	509	5
726	867	4
727	135	4
727	198	5
727	430	4
727	558	5
727	842	5
728	113	3
728	228	2
728	317	2
728	457	5
729	207	3
729	422	2
729	460	2
729	551	5
730	90	5
730	184	2
730	785	1
730	790	3
730	924	4
731	29	4
731	281	5
731	321	2
731	596	5
732	8	4
733	58	2
733	494	2
734	22	2
734	150	2
734	321	2
734	495	1
734	743	3
735	204	3
735	810	2
736	454	2
737	911	4
738	25	4
738	234	4
738	556	5
738	646	4
739	351	1
740	75	2
740	161	4
741	588	2
741	821	1
741	952	3
742	188	4
742	249	5
742	590	4
742	703	2
742	847	2
743	21	4
743	227	2
743	514	3
743	815	2
744	85	2
744	224	3
744	559	5
744	787	3
745	152	5
745	243	1
745	297	5
745	326	1
745	996	5
746	83	3
746	429	2
747	213	2
747	726	1
748	58	2
748	258	5
748	301	1
748	668	4
748	962	2
749	185	5
749	229	1
749	690	3
749	856	3
749	867	4
750	146	1
750	440	2
750	650	4
751	214	3
751	360	3
751	441	1
751	511	1
752	86	4
752	870	1
753	29	4
753	52	2
753	262	5
753	385	1
753	700	4
754	840	4
754	985	3
755	476	3
756	110	4
756	121	4
756	520	5
757	78	4
757	653	4
758	277	1
758	387	1
758	757	4
759	415	2
759	969	4
760	76	3
760	733	5
760	827	3
760	953	2
761	613	3
761	687	1
762	72	1
762	278	1
763	224	4
764	416	1
764	716	3
764	872	4
765	143	5
765	446	3
765	728	5
765	789	1
765	938	4
766	495	5
766	574	3
766	613	5
766	761	3
766	953	1
767	289	3
767	304	4
767	411	1
767	518	3
767	751	5
768	140	5
768	631	4
768	776	2
768	891	2
768	934	1
769	148	4
769	581	1
769	724	3
770	88	4
770	886	3
770	895	1
771	15	3
771	139	5
771	619	5
772	89	1
772	529	3
772	575	2
772	681	4
772	922	5
773	566	2
774	443	5
774	838	3
775	469	4
775	552	3
776	46	2
776	334	1
776	986	3
777	31	2
777	324	1
777	383	5
777	741	5
778	513	3
778	515	4
778	539	1
778	648	3
778	787	2
779	715	4
780	101	5
780	900	4
781	930	1
782	454	1
783	600	2
783	693	2
783	878	3
784	32	4
784	596	3
784	836	4
785	8	3
785	10	4
785	329	4
785	437	3
785	902	4
786	180	2
786	253	4
786	256	1
786	393	2
787	130	4
787	471	1
787	793	5
788	788	2
789	119	5
789	358	2
789	380	8
789	654	5
790	20	4
790	406	5
790	484	2
790	518	3
790	589	5
791	506	2
791	733	5
792	146	1
792	323	3
792	599	3
792	793	1
792	927	2
793	421	4
794	130	1
794	447	3
794	562	2
794	594	4
794	907	5
795	129	3
795	146	1
795	736	3
795	898	5
795	942	4
796	155	4
796	270	2
796	646	5
796	882	3
797	273	3
797	399	1
797	474	4
797	772	5
797	903	2
798	742	2
799	849	1
800	38	1
800	619	4
801	425	5
801	496	3
801	718	3
801	912	2
801	923	5
802	177	1
802	213	5
802	248	5
802	407	5
802	661	4
803	76	4
804	48	5
804	307	5
804	607	5
805	181	3
805	769	2
805	789	5
805	950	5
806	157	2
806	904	4
806	994	5
807	19	1
807	229	3
807	356	2
807	619	4
807	865	5
808	407	3
808	630	3
808	674	5
809	127	2
809	164	5
809	807	4
810	176	5
810	453	4
810	705	3
810	776	4
810	920	2
811	758	3
811	759	3
811	913	5
811	943	1
812	762	3
812	848	3
813	29	4
813	50	5
813	372	5
813	944	2
814	191	2
814	363	5
814	413	4
814	721	3
815	63	1
815	393	2
815	454	5
815	608	4
815	716	4
816	42	1
816	983	2
817	5	5
817	672	3
817	964	2
818	140	3
818	399	2
819	469	5
819	701	4
820	12	3
820	267	4
820	333	5
820	721	5
820	844	1
821	12	4
821	231	4
821	819	2
821	831	2
822	285	1
822	676	3
823	14	3
823	771	3
824	131	4
824	427	4
825	341	3
825	407	5
826	407	2
827	198	5
827	308	3
827	688	4
828	5	4
828	181	4
828	230	3
828	237	1
828	391	3
829	313	1
829	438	4
829	506	2
829	805	5
829	973	3
830	746	5
831	559	5
832	114	1
832	641	3
833	293	3
833	519	5
833	612	5
833	615	2
834	232	2
834	515	2
835	120	4
836	26	3
836	649	1
836	711	5
837	594	2
838	587	3
838	978	4
839	106	1
839	194	1
839	343	5
839	911	1
840	15	5
840	145	3
840	312	5
840	844	3
841	102	1
841	402	1
841	498	5
841	759	3
841	860	1
842	328	2
842	715	4
843	123	1
843	305	5
843	631	1
843	855	5
844	820	1
845	72	4
845	78	4
845	936	1
846	28	5
846	644	5
846	645	3
846	805	4
846	990	3
847	577	4
848	738	3
848	851	2
849	50	4
849	639	2
849	956	3
849	993	3
850	235	3
850	548	2
850	852	1
850	999	1
851	182	5
852	25	2
852	79	1
852	371	4
852	895	5
853	225	1
854	26	1
854	59	4
855	72	4
855	408	4
855	421	5
855	520	1
856	469	4
856	529	2
856	619	5
856	641	4
856	952	1
857	2	4
857	243	3
857	329	5
857	783	2
857	887	2
858	532	1
858	928	1
859	85	1
859	487	1
859	628	2
860	210	3
860	579	3
860	714	5
860	726	3
860	862	2
861	84	1
861	478	1
861	998	5
862	326	5
862	363	4
862	533	5
862	694	1
862	883	1
863	399	2
863	772	1
864	33	5
864	451	2
864	540	3
864	637	1
864	644	2
865	19	5
865	141	2
865	917	4
866	535	2
867	102	4
867	234	3
867	561	5
867	580	3
867	863	3
868	97	1
869	261	2
869	877	1
869	943	1
869	963	4
870	757	2
871	812	2
872	144	3
872	804	1
872	950	2
873	708	4
873	851	4
874	858	5
875	288	2
875	428	4
875	602	4
875	745	3
875	802	1
876	258	2
876	398	2
876	543	4
877	332	1
877	582	2
878	92	4
878	275	5
878	881	4
878	992	2
879	320	1
879	402	1
879	574	3
879	827	5
880	369	4
880	713	5
881	196	5
882	932	2
882	944	4
882	964	2
882	969	3
883	487	3
883	594	4
883	853	5
884	543	5
884	723	5
884	776	5
884	778	4
885	185	5
885	424	2
885	492	5
885	885	3
886	417	3
886	816	1
887	139	4
887	293	3
887	473	4
887	582	3
887	998	3
888	281	5
888	848	3
889	293	3
889	353	1
889	452	1
889	496	2
889	532	5
890	170	5
890	278	3
891	141	4
891	193	2
891	346	5
891	657	4
891	905	5
892	180	4
892	228	1
892	625	5
892	883	3
893	446	3
893	473	5
893	522	2
893	794	3
894	136	3
894	459	1
894	552	5
895	6	2
895	486	5
895	659	3
895	824	3
895	894	1
896	209	4
896	340	3
896	409	2
896	469	5
896	742	3
897	102	3
897	306	3
897	340	1
898	273	5
899	141	3
899	405	5
899	844	1
900	386	2
900	689	3
901	304	5
901	912	4
902	494	5
902	661	4
902	821	4
903	40	2
903	248	2
903	300	2
903	347	2
903	624	3
904	312	5
904	473	1
904	983	5
905	336	5
905	533	2
905	655	4
905	881	5
906	336	3
907	21	2
907	83	2
907	92	3
907	678	3
908	255	4
908	309	3
908	489	1
908	836	3
908	900	1
909	499	3
909	528	2
909	933	2
910	473	4
911	177	2
911	238	5
911	765	3
911	810	2
912	106	5
912	125	4
912	333	2
912	402	1
912	734	4
913	296	1
913	587	5
913	602	4
913	869	3
913	961	2
914	239	2
914	458	3
914	474	3
915	574	3
916	239	1
916	952	2
916	964	3
916	972	5
917	44	1
917	56	3
917	778	4
918	950	3
919	21	2
919	833	2
920	268	1
920	466	4
920	735	2
920	737	4
920	998	4
921	167	4
921	406	4
921	638	1
921	766	3
922	712	2
923	339	1
924	210	3
924	462	4
924	517	3
924	934	5
925	872	5
926	534	5
927	426	4
927	872	4
927	991	5
928	179	2
928	203	5
928	458	1
929	378	4
929	830	1
930	678	4
931	45	4
931	127	3
931	771	4
931	830	4
931	994	3
932	693	3
932	982	4
933	28	5
933	74	5
933	377	4
933	691	4
933	698	5
934	474	1
934	543	4
935	96	4
935	151	5
935	263	5
935	408	1
935	863	2
936	36	2
936	397	2
936	650	4
936	717	3
937	467	4
937	830	5
937	930	2
938	611	4
938	692	5
938	924	1
939	96	1
940	758	2
941	338	3
942	437	1
943	792	3
944	587	1
944	664	5
944	968	2
945	21	2
945	144	1
945	272	3
945	935	5
946	491	2
946	656	3
947	161	3
947	177	2
948	135	1
948	279	5
948	373	5
948	634	5
948	766	3
949	262	4
949	299	2
950	169	2
950	729	2
950	738	2
950	944	3
950	969	2
951	21	2
951	657	5
951	986	4
952	37	2
952	861	1
953	76	3
953	86	5
953	462	4
953	573	5
953	759	5
954	312	5
954	384	5
954	628	2
954	893	2
955	119	1
955	280	3
955	384	4
955	530	4
955	897	3
956	80	2
956	392	3
956	552	5
956	661	5
957	479	2
957	804	1
957	911	2
958	545	4
958	737	1
958	968	2
959	87	1
959	530	2
959	759	2
960	4	5
960	139	4
960	576	2
960	673	5
960	935	1
961	254	5
962	123	5
962	647	1
962	716	3
962	853	5
963	220	1
963	552	1
964	180	3
964	225	2
964	350	3
964	928	5
964	984	5
965	21	2
965	514	1
965	815	1
965	882	2
966	192	4
967	326	2
968	449	3
969	8	1
969	462	3
969	703	3
970	185	3
970	416	2
970	419	2
970	463	5
970	736	3
971	170	5
971	264	3
971	444	2
972	294	3
972	948	5
972	977	3
972	983	2
973	86	2
973	168	5
973	300	4
973	510	2
973	872	3
974	148	3
975	435	3
975	532	5
975	616	3
976	95	2
977	920	4
978	277	4
978	563	4
978	782	5
979	27	5
979	588	2
979	822	5
980	345	5
980	516	4
980	652	1
980	847	1
981	136	4
981	831	4
981	931	2
981	991	1
982	180	3
982	450	2
982	535	3
982	612	5
983	494	2
983	616	2
984	10	3
984	386	2
984	639	3
984	720	4
984	765	3
985	286	5
985	295	4
985	318	3
985	319	3
985	951	1
986	296	1
986	420	3
986	596	4
986	990	5
987	419	4
987	504	4
987	649	2
987	827	4
987	917	1
988	267	2
988	494	4
988	736	2
989	175	3
989	614	4
990	446	3
990	620	1
990	979	4
991	16	2
991	619	5
991	916	2
992	142	5
992	449	1
992	545	1
992	553	4
993	79	2
993	788	4
993	891	3
994	63	2
994	231	1
994	307	4
994	311	5
994	778	2
995	41	5
996	530	2
996	569	3
996	850	1
996	874	1
996	957	2
997	227	4
997	230	5
997	274	1
997	285	3
997	620	5
998	294	5
998	472	5
998	658	2
998	976	3
999	308	3
999	479	4
999	484	5
999	795	2
1000	173	2
\.


--
-- Data for Name: orders; Type: TABLE DATA; Schema: public; Owner: Christian_Cazorla
--

COPY public.orders (order_id, user_id, order_date) FROM stdin;
1	444	2025-08-16 06:55:58
2	479	2025-03-07 20:27:27
3	870	2025-06-25 11:23:26
4	296	2025-08-15 09:38:00
5	403	2025-05-11 11:52:37
6	383	2025-01-25 18:48:24
7	63	2025-04-23 14:53:13
8	408	2025-06-25 09:30:59
9	480	2025-04-14 16:26:20
10	714	2025-04-16 17:00:10
11	84	2025-06-17 21:25:49
12	171	2025-03-27 05:32:50
13	809	2025-01-17 22:13:53
14	363	2025-01-06 14:50:26
15	344	2025-02-05 19:24:33
16	620	2025-07-23 20:27:14
17	578	2025-07-17 08:17:41
18	238	2025-07-29 21:00:53
19	311	2025-03-20 10:40:42
20	768	2025-03-04 01:28:14
21	609	2025-03-15 09:44:00
22	26	2025-07-28 16:14:55
23	908	2025-04-22 09:25:09
24	607	2025-02-05 02:41:05
25	879	2025-02-14 10:07:08
26	134	2025-05-21 21:43:31
27	5	2025-01-30 16:36:02
28	192	2025-03-16 02:28:29
29	99	2025-05-19 05:37:00
30	876	2025-03-14 12:07:29
31	46	2025-04-04 11:58:09
32	63	2025-05-29 07:28:01
33	302	2025-01-07 12:52:09
34	866	2025-03-25 22:09:58
35	937	2025-04-11 18:47:39
36	363	2025-08-18 11:26:38
37	965	2025-07-06 19:48:44
38	816	2025-05-21 10:41:23
39	311	2025-07-22 01:37:25
40	982	2025-03-16 03:54:26
41	139	2025-01-04 04:58:50
42	539	2025-08-01 00:19:26
43	244	2025-08-14 13:57:48
44	836	2025-04-01 16:32:12
45	431	2025-05-24 23:35:00
46	720	2025-05-23 10:34:17
47	151	2025-01-16 02:31:20
48	321	2025-04-10 16:48:12
49	501	2025-01-01 10:39:16
50	35	2025-02-12 17:12:39
51	955	2025-02-24 00:14:55
52	394	2025-01-01 04:16:46
53	391	2025-04-28 21:24:13
54	768	2025-08-11 22:57:19
55	879	2025-03-01 04:57:51
56	183	2025-08-14 16:09:51
57	741	2025-04-11 20:32:11
58	622	2025-07-22 16:28:32
59	948	2025-06-10 12:31:06
60	340	2025-06-10 06:51:22
61	934	2025-07-28 16:49:20
62	235	2025-02-14 22:30:10
63	428	2025-02-01 11:09:51
64	918	2025-07-04 03:54:26
65	879	2025-04-20 20:13:06
66	617	2025-03-20 01:52:00
67	197	2025-01-21 22:41:21
68	217	2025-07-16 16:14:23
69	722	2025-03-16 13:06:12
70	590	2025-08-05 03:12:29
71	966	2025-07-04 10:51:25
72	384	2025-05-04 19:53:20
73	101	2025-04-24 08:14:09
74	607	2025-03-20 03:26:35
75	989	2025-03-24 00:38:15
76	769	2025-05-30 19:40:47
77	217	2025-02-10 18:48:34
78	600	2025-04-03 02:36:49
79	73	2025-02-02 09:39:30
80	551	2025-02-08 16:37:17
81	157	2025-05-17 19:00:24
82	156	2025-02-13 03:30:32
83	402	2025-03-10 15:44:14
84	967	2025-04-29 10:30:58
85	907	2025-01-31 00:19:53
86	724	2025-01-17 18:58:24
87	600	2025-08-18 23:50:48
88	783	2025-07-09 20:44:04
89	465	2025-01-02 18:48:35
90	298	2025-05-22 02:44:57
91	818	2025-01-02 22:41:10
92	119	2025-02-27 06:45:29
93	939	2025-05-03 01:16:26
94	445	2025-06-02 14:41:25
95	497	2025-01-03 21:34:53
96	20	2025-08-03 10:30:11
97	768	2025-06-12 13:44:32
98	525	2025-05-25 17:39:14
99	156	2025-06-13 22:50:49
100	322	2025-01-11 18:59:10
101	327	2025-02-15 09:30:15
102	434	2025-03-06 12:21:44
103	5	2025-03-15 18:23:44
104	640	2025-06-15 23:01:12
105	588	2025-08-03 16:15:47
106	853	2025-07-06 20:30:51
107	74	2025-07-30 21:45:29
108	286	2025-08-04 09:37:10
109	571	2025-08-10 17:57:19
110	851	2025-06-03 22:10:07
111	433	2025-06-15 18:21:27
112	414	2025-02-21 17:39:59
113	391	2025-01-11 03:35:46
114	807	2025-04-05 09:11:51
115	915	2025-07-12 07:24:00
116	152	2025-04-18 07:17:19
117	816	2025-05-21 01:19:20
118	869	2025-03-12 23:41:24
119	971	2025-07-06 14:47:15
120	649	2025-03-27 20:31:21
121	375	2025-06-19 17:34:30
122	744	2025-03-08 15:51:51
123	791	2025-04-04 04:14:11
124	626	2025-01-07 15:11:13
125	860	2025-02-12 01:40:11
126	32	2025-07-10 18:34:07
127	764	2025-02-15 22:57:20
128	33	2025-07-02 15:19:10
129	469	2025-07-29 15:58:18
130	503	2025-06-15 02:18:43
131	177	2025-07-11 01:43:50
132	172	2025-04-25 13:19:14
133	755	2025-05-03 09:30:57
134	117	2025-04-29 07:09:48
135	339	2025-02-08 11:10:50
136	898	2025-02-21 02:19:22
137	567	2025-04-10 06:37:28
138	86	2025-07-28 15:57:01
139	189	2025-06-03 18:32:12
140	913	2025-04-08 10:22:40
141	741	2025-07-02 19:07:29
142	139	2025-07-04 11:02:11
143	498	2025-06-24 14:17:32
144	390	2025-06-28 16:35:03
145	953	2025-01-03 05:13:43
146	150	2025-05-21 05:23:35
147	557	2025-05-09 05:37:47
148	169	2025-06-28 20:46:30
149	921	2025-05-30 19:15:55
150	810	2025-06-27 03:17:52
151	906	2025-01-21 09:27:59
152	414	2025-04-19 01:06:16
153	322	2025-07-03 00:50:13
154	548	2025-07-14 12:32:13
155	347	2025-04-12 05:35:58
156	750	2025-07-20 10:27:13
157	260	2025-01-03 19:23:03
158	601	2025-04-18 02:45:19
159	183	2025-04-18 15:36:05
160	630	2025-06-13 13:07:48
161	442	2025-03-13 14:07:53
162	714	2025-04-10 11:58:09
163	48	2025-02-24 03:30:23
164	106	2025-06-24 06:00:12
165	141	2025-05-07 23:47:44
166	110	2025-05-05 11:42:56
167	151	2025-03-03 04:11:19
168	638	2025-03-31 15:59:28
169	123	2025-03-01 06:53:30
170	282	2025-02-13 01:33:34
171	85	2025-02-18 20:55:50
172	392	2025-04-26 00:40:38
173	614	2025-05-13 00:39:44
174	208	2025-01-03 07:13:45
175	678	2025-04-09 02:17:21
176	400	2025-08-06 12:19:43
177	207	2025-05-13 10:04:00
178	729	2025-02-24 11:08:23
179	876	2025-02-22 14:48:59
180	967	2025-04-01 14:30:57
181	903	2025-06-21 20:03:05
182	113	2025-02-28 17:54:56
183	287	2025-04-25 08:45:48
184	626	2025-07-12 03:17:22
185	628	2025-05-30 20:49:57
186	509	2025-07-20 04:31:18
187	874	2025-07-02 15:34:58
188	178	2025-03-02 01:52:47
189	411	2025-05-30 18:00:03
190	53	2025-04-03 23:01:24
191	860	2025-05-28 14:47:12
192	522	2025-03-14 06:42:55
193	798	2025-01-09 22:05:03
194	881	2025-05-18 12:48:16
195	747	2025-03-14 17:48:06
196	357	2025-01-31 01:52:02
197	635	2025-07-22 07:26:35
198	327	2025-07-04 01:43:05
199	166	2025-06-26 18:07:56
200	718	2025-01-14 04:50:04
201	324	2025-08-16 04:22:27
202	989	2025-04-02 01:36:25
203	338	2025-02-02 23:21:50
204	613	2025-01-14 14:32:28
205	242	2025-02-04 02:04:37
206	801	2025-04-16 18:58:08
207	712	2025-07-11 06:07:37
208	768	2025-02-15 20:47:57
209	835	2025-03-26 15:40:38
210	698	2025-02-05 02:00:19
211	313	2025-04-27 04:57:28
212	285	2025-08-05 22:51:18
213	736	2025-04-29 23:03:25
214	79	2025-07-18 09:39:25
215	483	2025-01-19 12:56:57
216	562	2025-08-09 21:38:20
217	783	2025-01-20 17:57:49
218	551	2025-07-13 07:05:19
219	266	2025-01-08 16:47:44
220	760	2025-02-01 07:03:55
221	490	2025-01-02 23:42:15
222	698	2025-08-17 02:36:54
223	665	2025-05-30 21:58:40
224	668	2025-01-18 01:28:59
225	208	2025-07-22 10:05:41
226	443	2025-06-05 22:43:29
227	585	2025-03-19 07:08:31
228	275	2025-07-18 06:39:37
229	733	2025-07-12 19:39:30
230	908	2025-06-10 22:35:41
231	364	2025-06-22 15:04:45
232	763	2025-04-01 05:26:54
233	168	2025-03-01 14:23:46
234	704	2025-06-13 15:04:45
235	508	2025-04-21 08:01:14
236	678	2025-05-26 20:16:28
237	285	2025-01-03 17:51:17
238	72	2025-03-30 01:58:27
239	687	2025-07-10 19:01:16
240	175	2025-07-09 13:25:49
241	403	2025-04-21 13:45:34
242	650	2025-01-06 05:32:07
243	589	2025-05-15 09:55:53
244	785	2025-05-26 07:57:25
245	350	2025-02-17 17:09:46
246	149	2025-03-30 00:58:44
247	348	2025-04-29 22:53:28
248	480	2025-01-30 12:54:01
249	370	2025-04-10 17:14:11
250	275	2025-01-17 17:28:40
251	261	2025-04-01 02:55:17
252	822	2025-02-20 00:20:01
253	425	2025-07-12 17:09:15
254	820	2025-02-19 07:39:23
255	432	2025-06-13 20:07:41
256	228	2025-02-19 12:17:38
257	428	2025-07-30 11:37:44
258	245	2025-06-23 09:50:03
259	414	2025-01-28 19:39:05
260	149	2025-03-03 06:27:31
261	679	2025-03-31 05:34:32
262	619	2025-02-18 03:53:59
263	474	2025-01-11 08:50:10
264	363	2025-01-27 01:38:56
265	50	2025-02-26 03:55:22
266	411	2025-08-08 01:43:46
267	238	2025-05-22 13:37:01
268	317	2025-05-19 03:56:54
269	955	2025-05-27 03:19:27
270	776	2025-05-14 23:40:57
271	888	2025-02-24 02:10:27
272	134	2025-01-30 21:08:01
273	348	2025-07-14 16:45:33
274	135	2025-08-07 22:23:57
275	248	2025-06-18 00:51:55
276	241	2025-04-07 02:27:33
277	710	2025-05-14 08:18:45
278	649	2025-02-09 00:57:25
279	230	2025-07-21 18:57:35
280	519	2025-05-24 14:48:07
281	279	2025-05-22 15:18:15
282	31	2025-06-21 21:42:54
283	545	2025-04-03 06:01:41
284	726	2025-03-14 11:47:47
285	766	2025-02-23 07:08:32
286	628	2025-01-11 05:20:59
287	45	2025-07-29 01:54:17
288	684	2025-06-29 01:47:44
289	696	2025-08-11 10:45:28
290	297	2025-01-01 01:08:26
291	381	2025-04-30 19:54:40
292	740	2025-05-08 06:18:17
293	920	2025-08-11 02:58:02
294	162	2025-05-31 10:00:27
295	312	2025-07-11 23:27:25
296	692	2025-08-07 20:16:01
297	86	2025-06-11 11:58:41
298	968	2025-06-04 06:19:40
299	988	2025-06-18 09:17:45
300	489	2025-01-15 01:30:00
301	756	2025-01-24 22:58:48
302	688	2025-02-18 19:05:23
303	602	2025-04-07 04:37:44
304	963	2025-08-09 17:13:29
305	112	2025-08-13 11:29:34
306	644	2025-03-17 12:00:38
307	6	2025-06-24 18:17:41
308	696	2025-01-01 22:41:40
309	467	2025-08-05 16:48:05
310	91	2025-05-30 01:04:01
311	747	2025-06-29 06:55:55
312	440	2025-01-26 01:57:20
313	711	2025-04-23 09:32:44
314	620	2025-01-13 04:46:07
315	775	2025-06-04 04:40:31
316	255	2025-03-25 06:25:31
317	611	2025-01-27 00:57:49
318	561	2025-02-07 10:41:29
319	684	2025-07-16 06:26:24
320	395	2025-05-01 04:44:48
321	480	2025-08-09 03:58:04
322	124	2025-06-15 13:14:58
323	620	2025-03-09 10:12:21
324	983	2025-04-24 04:13:35
325	505	2025-01-22 08:25:10
326	752	2025-08-17 05:47:14
327	838	2025-02-22 01:45:23
328	111	2025-06-25 16:05:29
329	923	2025-04-13 23:59:51
330	464	2025-01-26 06:02:21
331	345	2025-01-17 21:18:59
332	86	2025-03-13 13:46:21
333	291	2025-03-22 08:27:40
334	238	2025-06-12 20:39:32
335	457	2025-08-14 18:04:39
336	291	2025-03-27 19:01:32
337	971	2025-03-20 15:22:22
338	847	2025-07-09 21:26:40
339	810	2025-08-15 04:55:40
340	334	2025-06-11 07:59:45
341	67	2025-03-02 02:41:33
342	529	2025-03-31 07:38:18
343	560	2025-06-20 15:13:02
344	629	2025-04-25 08:45:29
345	537	2025-03-09 00:27:57
346	541	2025-02-21 00:43:52
347	428	2025-01-18 13:21:28
348	631	2025-05-31 15:20:37
349	418	2025-02-19 17:51:04
350	867	2025-04-26 15:09:43
351	954	2025-06-19 06:25:00
352	273	2025-06-30 12:32:34
353	998	2025-01-13 04:33:46
354	973	2025-07-16 05:29:52
355	63	2025-02-07 11:19:16
356	551	2025-05-16 09:27:17
357	272	2025-02-06 10:32:52
358	765	2025-02-21 20:05:26
359	477	2025-04-13 01:10:38
360	92	2025-01-24 01:14:32
361	163	2025-03-26 15:54:30
362	771	2025-01-11 13:59:58
363	734	2025-03-30 16:27:32
364	475	2025-01-30 18:16:04
365	754	2025-02-27 07:36:45
366	35	2025-07-16 01:49:34
367	467	2025-02-03 11:37:39
368	541	2025-08-11 11:44:10
369	969	2025-08-02 04:43:34
370	957	2025-03-20 10:47:53
371	851	2025-04-19 04:17:38
372	53	2025-04-13 07:22:26
373	172	2025-05-06 09:18:07
374	370	2025-02-12 18:20:10
375	724	2025-05-19 04:57:28
376	138	2025-01-01 12:13:16
377	6	2025-06-20 02:24:45
378	390	2025-04-25 17:51:49
379	670	2025-05-05 00:03:26
380	579	2025-08-08 09:29:51
381	507	2025-02-15 01:32:28
382	922	2025-02-07 02:00:40
383	615	2025-06-17 02:20:14
384	574	2025-07-03 00:51:37
385	906	2025-06-10 00:59:00
386	370	2025-05-07 14:00:58
387	915	2025-08-06 10:35:26
388	365	2025-05-26 21:09:57
389	795	2025-04-23 12:53:31
390	635	2025-07-09 15:07:54
391	735	2025-02-25 01:02:42
392	551	2025-01-29 22:58:44
393	974	2025-04-05 18:03:54
394	215	2025-03-13 08:48:55
395	980	2025-03-15 00:40:27
396	471	2025-08-09 18:19:16
397	234	2025-01-10 08:13:47
398	707	2025-04-12 07:15:19
399	659	2025-06-30 05:40:07
400	851	2025-02-28 21:02:58
401	389	2025-04-11 12:23:37
402	596	2025-01-16 14:11:00
403	32	2025-06-09 01:41:14
404	112	2025-07-17 23:22:09
405	387	2025-03-24 13:43:23
406	787	2025-03-14 09:42:53
407	126	2025-06-18 05:06:25
408	757	2025-05-17 03:38:12
409	334	2025-05-21 13:12:51
410	395	2025-06-01 14:11:21
411	143	2025-07-12 09:18:39
412	598	2025-02-22 17:33:46
413	493	2025-03-27 08:17:38
414	174	2025-02-01 01:15:55
415	299	2025-07-21 22:36:04
416	476	2025-05-06 11:30:15
417	3	2025-04-25 05:17:49
418	265	2025-06-20 07:51:42
419	987	2025-08-17 02:32:10
420	890	2025-07-16 00:34:46
421	518	2025-04-19 04:11:53
422	255	2025-08-13 17:43:53
423	819	2025-08-18 03:58:16
424	85	2025-04-11 11:44:12
425	345	2025-08-12 14:35:13
426	609	2025-01-15 18:18:24
427	744	2025-06-20 23:01:37
428	750	2025-05-18 13:35:54
429	568	2025-03-03 01:14:25
430	718	2025-03-28 08:16:03
431	167	2025-04-01 04:44:26
432	332	2025-07-14 23:16:23
433	252	2025-02-27 17:50:50
434	125	2025-01-10 13:25:07
435	251	2025-01-14 18:50:05
436	447	2025-06-26 00:42:13
437	9	2025-08-12 19:26:25
438	181	2025-07-25 00:04:39
439	575	2025-03-28 23:46:27
440	711	2025-02-15 16:00:29
441	712	2025-02-09 02:41:49
442	583	2025-05-21 00:18:29
443	250	2025-04-24 07:49:32
444	919	2025-04-19 03:42:00
445	399	2025-05-06 00:11:35
446	192	2025-04-19 18:28:53
447	276	2025-08-06 21:10:02
448	468	2025-04-10 10:26:23
449	86	2025-07-16 00:36:16
450	45	2025-07-02 07:45:06
451	506	2025-04-16 00:19:40
452	623	2025-01-20 00:43:58
453	123	2025-01-07 22:56:00
454	291	2025-08-07 08:45:34
455	369	2025-04-02 06:19:09
456	348	2025-03-12 22:32:18
457	541	2025-08-05 16:21:52
458	979	2025-07-04 16:20:31
459	184	2025-03-24 05:15:43
460	839	2025-07-17 12:24:25
461	343	2025-02-15 19:13:35
462	874	2025-07-13 23:51:54
463	240	2025-05-28 11:16:46
464	774	2025-04-04 15:41:41
465	298	2025-06-27 18:56:50
466	582	2025-04-23 07:48:59
467	896	2025-08-11 23:57:26
468	170	2025-03-07 19:19:51
469	907	2025-05-20 20:39:15
470	594	2025-05-22 19:20:16
471	359	2025-02-27 00:54:57
472	239	2025-04-01 12:33:57
473	186	2025-02-14 00:52:46
474	716	2025-07-25 14:11:40
475	348	2025-01-06 00:15:45
476	634	2025-04-09 16:28:14
477	287	2025-03-21 07:16:12
478	238	2025-01-01 04:02:51
479	221	2025-06-19 03:23:27
480	491	2025-08-14 12:29:03
481	119	2025-01-08 10:41:24
482	176	2025-05-30 20:48:12
483	89	2025-08-07 16:22:56
484	201	2025-06-07 15:46:55
485	193	2025-02-24 15:35:34
486	627	2025-08-07 05:35:39
487	396	2025-01-05 01:40:39
488	334	2025-02-14 02:13:09
489	910	2025-02-07 08:46:28
490	387	2025-06-01 23:40:35
491	680	2025-02-22 15:05:04
492	401	2025-04-07 21:42:53
493	15	2025-06-04 04:58:46
494	631	2025-04-15 05:34:25
495	689	2025-01-16 09:04:01
496	259	2025-05-22 12:01:47
497	465	2025-02-09 21:05:32
498	746	2025-08-09 00:26:20
499	853	2025-07-07 19:38:34
500	827	2025-06-30 03:00:14
501	733	2025-01-14 07:58:42
502	127	2025-01-06 04:51:40
503	568	2025-06-15 08:34:58
504	98	2025-04-24 02:14:37
505	520	2025-02-08 10:24:27
506	317	2025-03-29 15:27:24
507	245	2025-04-15 20:41:29
508	427	2025-03-24 21:40:05
509	755	2025-02-02 16:48:41
510	349	2025-05-25 08:27:07
511	810	2025-08-07 13:27:18
512	704	2025-05-30 17:01:44
513	336	2025-01-03 00:32:06
514	201	2025-07-02 12:56:30
515	175	2025-01-23 08:03:36
516	66	2025-05-23 19:20:37
517	372	2025-05-12 22:34:39
518	963	2025-02-11 22:59:56
519	973	2025-03-27 00:01:07
520	632	2025-05-03 00:06:08
521	849	2025-08-02 15:15:44
522	638	2025-06-20 10:39:35
523	768	2025-03-22 18:40:32
524	104	2025-05-01 09:55:08
525	482	2025-01-16 19:35:45
526	733	2025-06-13 00:58:29
527	175	2025-02-26 11:45:25
528	224	2025-08-18 13:59:51
529	525	2025-08-11 13:30:22
530	805	2025-03-10 17:39:48
531	861	2025-07-11 13:26:45
532	37	2025-04-12 01:25:56
533	346	2025-07-18 17:29:02
534	184	2025-05-16 01:37:57
535	495	2025-05-19 22:08:20
536	199	2025-05-15 08:45:49
537	80	2025-05-04 01:47:47
538	318	2025-07-27 07:42:58
539	917	2025-08-08 09:02:56
540	746	2025-08-14 11:18:24
541	51	2025-02-04 22:12:01
542	475	2025-02-27 13:38:17
543	271	2025-01-26 07:55:23
544	322	2025-04-22 01:24:44
545	702	2025-05-15 10:49:06
546	165	2025-04-13 01:45:52
547	733	2025-02-12 12:20:55
548	934	2025-04-21 05:17:04
549	466	2025-03-12 15:25:59
550	211	2025-06-19 03:25:43
551	19	2025-04-14 02:07:59
552	711	2025-04-25 16:37:26
553	125	2025-05-03 04:58:28
554	115	2025-03-29 01:33:49
555	199	2025-07-08 01:35:17
556	5	2025-06-15 17:20:27
557	188	2025-08-10 16:14:56
558	103	2025-04-20 23:43:11
559	306	2025-06-02 10:41:06
560	62	2025-05-21 12:41:43
561	836	2025-05-04 03:28:11
562	828	2025-05-08 12:37:29
563	114	2025-07-23 22:09:52
564	44	2025-08-01 12:50:48
565	184	2025-05-09 00:57:45
566	695	2025-02-02 14:02:19
567	755	2025-03-09 03:31:25
568	318	2025-06-08 08:02:02
569	159	2025-06-06 00:36:15
570	526	2025-01-17 13:05:54
571	34	2025-06-17 17:23:04
572	112	2025-04-06 09:10:13
573	926	2025-02-26 16:01:50
574	680	2025-03-04 21:49:47
575	412	2025-02-03 07:24:29
576	68	2025-05-29 20:02:41
577	366	2025-07-25 03:15:33
578	627	2025-02-06 10:41:38
579	411	2025-06-02 21:10:04
580	590	2025-01-25 00:46:06
581	455	2025-03-30 17:38:27
582	668	2025-03-09 02:25:19
583	870	2025-05-28 23:04:56
584	711	2025-01-07 22:59:35
585	718	2025-03-12 02:53:29
586	212	2025-03-26 18:10:07
587	326	2025-03-29 10:14:00
588	555	2025-07-24 17:17:53
589	936	2025-07-07 00:38:21
590	529	2025-01-19 21:55:37
591	298	2025-05-02 01:32:12
592	910	2025-08-04 11:27:45
593	645	2025-04-02 11:07:08
594	401	2025-04-14 09:04:45
595	91	2025-02-06 19:34:19
596	627	2025-04-13 02:12:16
597	942	2025-02-02 06:25:30
598	12	2025-02-17 06:59:42
599	80	2025-04-07 22:59:47
600	671	2025-01-19 04:46:36
601	618	2025-05-13 03:35:46
602	877	2025-02-24 15:18:19
603	596	2025-03-26 03:55:11
604	623	2025-03-31 18:19:32
605	355	2025-02-01 07:10:51
606	902	2025-02-17 10:21:49
607	18	2025-01-26 04:11:41
608	377	2025-03-14 16:27:30
609	945	2025-06-24 11:55:20
610	946	2025-04-08 19:10:24
611	154	2025-06-21 03:44:44
612	436	2025-02-02 03:26:32
613	191	2025-07-22 18:49:56
614	60	2025-08-08 23:08:53
615	46	2025-03-11 04:57:03
616	369	2025-02-10 02:50:04
617	896	2025-04-18 14:29:10
618	566	2025-07-09 14:15:32
619	963	2025-01-18 13:07:04
620	33	2025-02-13 17:41:03
621	968	2025-03-28 07:56:54
622	782	2025-05-04 06:20:28
623	912	2025-04-26 18:12:40
624	427	2025-08-14 22:45:24
625	326	2025-03-07 04:29:51
626	132	2025-06-05 06:19:08
627	912	2025-07-15 07:49:47
628	76	2025-03-14 10:41:36
629	895	2025-06-23 00:48:30
630	15	2025-03-19 06:02:10
631	177	2025-01-25 10:40:33
632	239	2025-01-16 06:39:31
633	306	2025-05-27 14:25:43
634	311	2025-04-04 15:06:13
635	183	2025-05-09 02:31:19
636	1	2025-08-11 01:08:52
637	371	2025-04-22 03:32:56
638	570	2025-05-12 09:10:27
639	392	2025-06-12 16:40:10
640	334	2025-07-29 03:08:57
641	961	2025-01-20 13:08:09
642	340	2025-03-08 15:23:48
643	208	2025-01-25 22:34:53
644	540	2025-07-02 19:37:40
645	567	2025-04-01 03:26:35
646	469	2025-08-13 20:06:47
647	500	2025-04-06 06:01:39
648	834	2025-08-18 03:03:18
649	241	2025-02-08 13:30:05
650	788	2025-08-14 15:35:32
651	845	2025-02-03 00:47:10
652	33	2025-07-01 00:55:42
653	135	2025-05-30 21:17:27
654	729	2025-03-20 00:19:07
655	768	2025-05-15 01:45:56
656	410	2025-05-24 23:23:29
657	155	2025-04-27 18:32:09
658	279	2025-01-09 23:24:09
659	58	2025-04-21 00:06:16
660	556	2025-03-04 18:02:58
661	961	2025-07-03 13:28:29
662	71	2025-03-16 08:07:01
663	336	2025-06-09 00:30:42
664	115	2025-01-04 13:46:37
665	323	2025-02-20 10:36:08
666	997	2025-05-11 04:23:04
667	436	2025-06-01 03:24:45
668	364	2025-02-20 07:37:34
669	777	2025-02-12 22:30:39
670	843	2025-03-29 01:09:19
671	661	2025-07-23 21:08:26
672	741	2025-08-08 06:44:23
673	425	2025-04-01 01:52:36
674	501	2025-03-28 15:10:55
675	230	2025-05-13 08:47:53
676	158	2025-06-24 04:17:51
677	658	2025-07-20 02:50:46
678	908	2025-02-21 21:09:37
679	255	2025-02-08 10:58:52
680	495	2025-06-02 09:26:32
681	482	2025-07-17 02:33:47
682	325	2025-05-24 04:02:28
683	729	2025-05-12 23:01:43
684	439	2025-04-25 18:50:40
685	548	2025-07-08 15:08:39
686	103	2025-05-20 11:04:09
687	221	2025-04-19 19:42:34
688	277	2025-01-04 19:24:11
689	544	2025-07-07 02:27:14
690	308	2025-07-14 03:48:10
691	803	2025-01-29 23:59:50
692	181	2025-01-23 01:04:20
693	139	2025-06-15 12:06:07
694	449	2025-05-26 00:32:56
695	923	2025-06-27 18:48:45
696	156	2025-04-03 03:17:14
697	554	2025-04-16 11:37:15
698	889	2025-08-14 04:51:55
699	218	2025-06-17 09:19:36
700	123	2025-06-18 23:05:57
701	733	2025-07-15 20:16:37
702	327	2025-03-29 06:16:49
703	230	2025-01-12 05:37:47
704	525	2025-02-11 10:34:54
705	313	2025-01-16 06:59:58
706	714	2025-05-27 01:29:50
707	450	2025-02-22 08:18:55
708	97	2025-07-01 03:24:40
709	89	2025-07-11 16:27:16
710	787	2025-03-17 11:22:22
711	777	2025-04-21 22:54:46
712	143	2025-05-11 07:11:31
713	583	2025-03-07 08:49:39
714	731	2025-05-20 12:13:09
715	995	2025-01-29 18:24:41
716	748	2025-03-02 17:24:16
717	613	2025-07-21 16:05:13
718	745	2025-02-09 08:56:53
719	138	2025-05-14 22:29:08
720	72	2025-01-08 15:54:49
721	483	2025-06-10 04:38:56
722	241	2025-06-16 18:09:42
723	491	2025-04-13 17:57:24
724	980	2025-02-09 00:42:02
725	507	2025-05-21 12:41:39
726	140	2025-08-17 17:43:11
727	361	2025-01-24 06:27:00
728	967	2025-01-30 20:10:55
729	205	2025-07-09 22:16:36
730	75	2025-03-24 17:24:56
731	785	2025-05-19 17:13:14
732	995	2025-06-26 03:58:18
733	496	2025-01-08 19:31:32
734	334	2025-02-03 05:35:55
735	322	2025-05-08 01:20:58
736	588	2025-02-19 15:12:05
737	679	2025-03-15 17:44:59
738	14	2025-06-17 17:01:22
739	820	2025-02-05 03:05:30
740	501	2025-08-12 11:18:52
741	338	2025-01-29 09:13:37
742	347	2025-01-11 20:15:17
743	31	2025-01-07 00:37:34
744	412	2025-02-01 12:51:40
745	308	2025-03-01 04:38:12
746	173	2025-03-24 02:32:34
747	660	2025-01-19 19:09:02
748	575	2025-04-20 09:43:37
749	364	2025-04-16 01:16:32
750	501	2025-08-17 12:46:27
751	148	2025-02-18 07:49:40
752	34	2025-04-04 12:45:53
753	138	2025-04-03 21:28:40
754	68	2025-01-20 18:34:49
755	871	2025-06-09 16:12:02
756	860	2025-04-21 18:50:14
757	907	2025-05-22 03:13:23
758	848	2025-08-08 09:38:56
759	482	2025-02-28 15:41:32
760	688	2025-04-14 03:03:26
761	555	2025-04-03 12:43:50
762	219	2025-02-24 08:16:59
763	56	2025-08-03 09:56:48
764	355	2025-01-10 12:54:40
765	355	2025-08-07 17:22:44
766	495	2025-02-22 00:03:27
767	456	2025-01-13 10:53:47
768	130	2025-07-16 16:39:06
769	552	2025-07-26 16:45:56
770	170	2025-07-12 02:50:22
771	995	2025-03-14 04:17:50
772	458	2025-03-07 12:00:27
773	314	2025-05-26 06:08:44
774	316	2025-08-08 01:24:35
775	415	2025-01-11 15:47:40
776	124	2025-03-12 23:25:01
777	732	2025-01-16 19:09:41
778	5	2025-05-23 03:34:22
779	700	2025-01-27 17:49:48
780	75	2025-01-18 19:06:21
781	777	2025-05-29 11:29:11
782	173	2025-03-15 03:58:56
783	792	2025-06-18 12:50:00
784	423	2025-02-15 17:46:41
785	356	2025-06-22 23:26:03
786	321	2025-01-30 21:34:22
787	930	2025-02-23 11:28:35
788	537	2025-02-05 17:30:13
789	71	2025-08-17 22:21:04
790	514	2025-02-06 08:04:02
791	398	2025-08-16 20:32:32
792	192	2025-04-14 22:36:32
793	87	2025-01-24 22:50:55
794	519	2025-03-17 06:23:52
795	56	2025-08-13 23:38:39
796	834	2025-03-02 00:26:58
797	948	2025-04-25 00:41:14
798	203	2025-04-28 19:29:38
799	34	2025-04-17 12:49:10
800	782	2025-07-27 01:22:02
801	336	2025-07-17 23:28:47
802	267	2025-04-18 11:12:35
803	268	2025-07-21 08:13:48
804	873	2025-03-16 07:23:09
805	954	2025-05-02 17:04:48
806	71	2025-04-13 18:38:03
807	711	2025-04-25 15:47:11
808	94	2025-01-09 23:05:26
809	686	2025-03-27 17:41:52
810	452	2025-05-21 23:42:59
811	376	2025-06-13 11:54:27
812	782	2025-01-01 12:30:00
813	609	2025-03-02 15:19:43
814	669	2025-06-20 10:20:03
815	727	2025-07-13 07:29:57
816	722	2025-05-04 14:16:40
817	880	2025-07-17 22:24:30
818	503	2025-04-07 02:22:09
819	592	2025-01-19 14:52:16
820	606	2025-08-07 21:13:08
821	16	2025-05-31 01:20:31
822	48	2025-01-31 06:02:36
823	728	2025-05-25 02:48:24
824	303	2025-02-01 22:18:42
825	782	2025-06-29 16:54:52
826	737	2025-03-10 04:14:40
827	405	2025-06-30 05:36:42
828	759	2025-06-16 04:29:18
829	46	2025-02-09 14:18:02
830	620	2025-04-01 14:22:51
831	789	2025-06-02 10:56:27
832	59	2025-02-27 01:23:33
833	429	2025-03-03 01:01:51
834	45	2025-02-19 17:56:43
835	993	2025-07-24 09:03:35
836	719	2025-05-12 05:28:54
837	157	2025-07-27 12:16:55
838	161	2025-05-20 08:27:21
839	366	2025-02-15 18:19:12
840	177	2025-02-21 15:53:15
841	229	2025-01-01 12:00:02
842	563	2025-07-02 16:40:14
843	473	2025-05-04 06:18:26
844	412	2025-02-07 12:32:34
845	676	2025-02-03 20:07:38
846	418	2025-01-03 20:59:53
847	253	2025-02-03 22:09:06
848	318	2025-01-20 06:51:42
849	778	2025-02-05 18:51:04
850	712	2025-05-20 10:20:27
851	26	2025-04-27 05:04:56
852	290	2025-06-24 22:39:02
853	864	2025-03-21 13:55:25
854	821	2025-01-21 15:44:08
855	802	2025-04-08 10:13:59
856	965	2025-01-25 07:55:08
857	243	2025-05-14 06:14:57
858	315	2025-08-12 04:01:38
859	956	2025-05-09 05:41:40
860	491	2025-01-13 10:43:05
861	738	2025-03-04 12:04:33
862	947	2025-05-08 05:20:35
863	403	2025-06-20 05:23:40
864	109	2025-01-29 17:16:47
865	752	2025-05-05 19:03:53
866	187	2025-04-25 12:11:54
867	936	2025-04-21 00:02:49
868	278	2025-03-09 01:58:55
869	908	2025-04-08 08:45:33
870	530	2025-07-17 21:23:11
871	745	2025-05-25 18:41:26
872	844	2025-06-08 01:41:49
873	570	2025-02-09 23:07:41
874	495	2025-07-07 18:58:31
875	527	2025-02-11 00:38:31
876	821	2025-01-18 04:04:56
877	3	2025-01-12 17:28:56
878	548	2025-01-18 00:03:45
879	283	2025-06-16 21:54:23
880	120	2025-04-17 23:26:47
881	295	2025-06-15 14:06:46
882	953	2025-05-17 13:01:45
883	957	2025-08-15 11:51:02
884	962	2025-01-11 05:56:08
885	452	2025-04-19 08:48:20
886	151	2025-03-25 06:17:55
887	656	2025-08-08 14:48:51
888	790	2025-03-19 03:08:52
889	597	2025-05-16 14:50:41
890	662	2025-08-02 18:22:14
891	533	2025-06-14 08:15:57
892	882	2025-06-02 21:07:50
893	533	2025-06-09 04:13:23
894	985	2025-01-25 23:41:12
895	869	2025-06-11 20:15:02
896	450	2025-04-28 06:17:17
897	654	2025-01-26 08:05:35
898	993	2025-07-21 12:41:23
899	885	2025-07-04 14:23:54
900	386	2025-08-10 17:28:11
901	839	2025-04-27 11:52:32
902	207	2025-07-13 02:08:16
903	394	2025-06-26 05:49:31
904	499	2025-02-27 09:28:05
905	567	2025-04-04 17:02:48
906	664	2025-01-02 01:57:04
907	56	2025-04-05 03:26:22
908	461	2025-01-16 21:54:11
909	118	2025-01-30 09:06:48
910	729	2025-07-14 09:17:22
911	894	2025-07-25 10:02:17
912	429	2025-06-16 16:48:21
913	764	2025-07-25 06:21:35
914	213	2025-08-16 18:54:51
915	39	2025-02-11 13:40:53
916	797	2025-07-16 22:53:12
917	311	2025-03-23 18:22:25
918	293	2025-05-11 07:49:49
919	994	2025-01-09 00:12:05
920	425	2025-08-13 13:25:07
921	495	2025-03-12 15:30:43
922	567	2025-03-22 18:31:24
923	848	2025-03-05 20:28:29
924	769	2025-02-22 14:41:57
925	308	2025-06-19 05:39:18
926	818	2025-05-19 08:15:15
927	568	2025-05-18 11:43:42
928	203	2025-04-20 23:09:12
929	113	2025-02-15 09:04:01
930	882	2025-03-03 06:38:50
931	408	2025-02-08 23:32:35
932	168	2025-02-26 15:39:55
933	43	2025-02-12 12:28:19
934	300	2025-02-25 13:33:19
935	513	2025-05-06 01:43:30
936	791	2025-05-02 09:21:29
937	75	2025-04-10 06:01:24
938	731	2025-04-09 09:14:04
939	494	2025-06-20 18:26:55
940	501	2025-05-31 08:17:18
941	253	2025-07-16 10:56:35
942	885	2025-01-05 16:55:32
943	387	2025-02-15 10:53:52
944	308	2025-07-21 15:36:26
945	961	2025-01-24 19:04:46
946	560	2025-02-08 05:15:56
947	691	2025-06-12 10:32:52
948	76	2025-06-20 02:11:40
949	760	2025-06-09 04:51:28
950	222	2025-01-11 03:29:31
951	967	2025-06-19 15:08:54
952	803	2025-02-09 00:40:01
953	590	2025-06-20 01:13:20
954	374	2025-07-01 15:26:49
955	482	2025-02-13 17:31:23
956	326	2025-01-27 00:34:49
957	399	2025-07-19 22:20:54
958	765	2025-05-11 07:40:54
959	784	2025-02-06 08:09:28
960	575	2025-07-20 10:15:49
961	634	2025-02-07 12:30:53
962	339	2025-03-20 05:11:00
963	44	2025-04-15 19:39:26
964	509	2025-06-12 09:02:21
965	293	2025-01-01 08:29:42
966	149	2025-02-05 07:10:42
967	42	2025-06-30 17:38:16
968	746	2025-01-02 21:31:30
969	974	2025-05-09 18:53:42
970	668	2025-06-16 11:27:05
971	622	2025-01-30 01:32:52
972	593	2025-07-04 05:04:27
973	290	2025-07-01 08:24:47
974	994	2025-01-09 21:11:32
975	896	2025-01-21 09:25:59
976	495	2025-05-04 05:45:56
977	473	2025-03-12 14:01:18
978	204	2025-07-15 13:10:26
979	694	2025-04-04 04:38:45
980	627	2025-03-17 17:49:52
981	343	2025-02-23 12:37:54
982	820	2025-01-17 05:52:44
983	10	2025-03-20 19:07:04
984	654	2025-07-12 21:04:53
985	960	2025-08-12 12:03:39
986	340	2025-07-28 23:54:38
987	597	2025-05-14 02:31:42
988	172	2025-05-29 20:47:04
989	37	2025-01-15 14:19:48
990	125	2025-05-11 19:29:00
991	658	2025-03-19 21:27:19
992	99	2025-04-21 06:48:38
993	476	2025-07-05 22:06:25
994	7	2025-01-29 11:49:55
995	829	2025-07-02 14:54:03
996	604	2025-03-21 14:25:33
997	897	2025-07-14 00:23:20
998	870	2025-07-24 14:37:23
999	811	2025-04-21 00:22:22
1000	255	2025-02-20 09:09:08
\.


--
-- Data for Name: products; Type: TABLE DATA; Schema: public; Owner: Christian_Cazorla
--

COPY public.products (product_id, name, price, category_id) FROM stdin;
1	Soluta	1022.73	3
2	Assumenda	1519.50	1
3	Ad	167.23	4
4	Amet	675.49	1
5	Officia	378.83	1
6	Quia	1506.82	2
7	Inventore	704.75	4
8	Odit	969.24	4
9	Dolorem	58.58	1
10	At	1820.59	3
11	Ex	804.00	2
12	Rem	75.27	4
13	Eligendi	404.54	1
14	Illo	1967.97	3
15	Saepe	1764.44	4
16	Voluptates	752.25	3
17	Commodi	1810.76	4
18	Eaque	1306.35	4
19	Nisi	900.52	4
20	Quam	1320.77	1
21	Modi	1050.61	5
22	Nostrum	1308.57	4
23	Iste	916.16	5
24	Ab	449.70	5
25	Quae	1153.83	2
26	Totam	1690.92	4
27	Dolorum	544.68	1
28	Tenetur	1348.05	3
29	Aliquam	54.89	4
30	Rem	1540.06	5
31	Deserunt	1518.97	1
32	Eligendi	966.40	1
33	Aspernatur	1391.64	4
34	Nesciunt	736.10	1
35	Assumenda	1660.91	3
36	Quisquam	1153.97	2
37	Libero	1862.18	4
38	Ad	1230.53	1
39	Illum	1824.07	5
40	Magnam	1866.98	3
41	Voluptatem	1569.75	4
42	Enim	19.20	4
43	Culpa	145.05	2
44	At	182.73	4
45	Iste	603.59	1
46	Soluta	1702.12	2
47	Possimus	578.86	4
48	Neque	569.42	2
49	Sint	434.40	5
50	Expedita	210.96	2
51	Accusamus	894.69	1
52	Accusantium	615.54	1
53	Culpa	1447.66	4
54	Tenetur	548.63	5
55	Debitis	557.85	4
56	Quibusdam	21.62	1
57	Quis	771.36	3
58	Ipsa	1791.12	3
59	Fugit	1171.83	5
60	Asperiores	873.86	1
61	Qui	1429.57	1
62	Consequuntur	15.98	4
63	Ducimus	1967.37	1
64	Incidunt	1143.21	5
65	Illum	280.39	2
66	Vitae	818.98	3
67	Commodi	1527.72	4
68	Animi	1108.21	1
69	Quasi	628.26	3
70	Nobis	571.33	1
71	Eius	192.43	5
72	In	1276.74	5
73	Optio	417.65	3
74	Quae	1137.80	3
75	Excepturi	1321.91	3
76	Eveniet	392.36	1
77	Fuga	612.17	3
78	Dignissimos	1267.47	1
79	Cum	737.13	2
80	Suscipit	441.44	4
81	Ab	1160.66	1
82	Numquam	1112.50	4
83	Mollitia	174.55	2
84	Neque	1729.74	3
85	Corporis	93.08	1
86	Totam	515.64	5
87	Ipsum	661.88	2
88	Dignissimos	1060.11	2
89	Magni	454.75	3
90	Officia	268.37	5
91	Optio	1125.07	2
92	Sit	1749.63	4
93	Vel	108.76	4
94	Autem	1010.55	4
95	Quaerat	1638.91	2
96	Dicta	1805.92	1
97	Repellendus	186.77	4
98	Quaerat	1400.89	1
99	Iusto	94.53	2
100	Dolores	1376.08	2
101	Quis	378.89	3
102	Commodi	1343.62	2
103	Doloribus	1019.98	3
104	Provident	1126.29	2
105	Laudantium	1921.53	4
106	Officiis	1018.97	4
107	Asperiores	1230.95	2
108	Dolor	1921.72	2
109	Aperiam	1908.15	1
110	Laborum	272.12	2
111	Accusantium	587.12	4
112	Molestiae	474.92	1
113	Pariatur	873.70	1
114	Aliquid	1487.70	5
115	Assumenda	1220.71	3
116	Dolor	978.21	1
117	Similique	1770.50	2
118	Perspiciatis	855.28	4
119	Ut	1868.63	2
120	Placeat	1313.34	4
121	Eius	495.55	3
122	Recusandae	1532.87	4
123	Impedit	592.33	2
124	Accusamus	288.61	4
125	Praesentium	995.74	4
126	Tenetur	1013.99	5
127	Deserunt	328.32	4
128	Eaque	1937.69	5
129	Est	1116.24	5
130	Voluptate	1006.37	2
131	Perferendis	853.62	4
132	Accusantium	1525.83	4
133	Adipisci	1159.69	2
134	Doloribus	10.48	5
135	Architecto	702.79	5
136	Earum	297.54	5
137	Omnis	1514.87	1
138	Mollitia	699.48	4
139	Quisquam	161.44	1
140	Impedit	1944.72	4
141	Quam	450.93	3
142	Temporibus	190.29	5
143	Error	1997.81	5
144	Aspernatur	1874.30	4
145	Rerum	1739.57	5
146	Consequuntur	1601.58	3
147	Voluptatem	1398.42	3
148	Veritatis	46.94	3
149	Similique	1858.68	2
150	Quibusdam	1172.07	1
151	Et	1626.49	2
152	Rem	346.80	3
153	Minima	881.43	5
154	Ea	1268.97	1
155	Cumque	785.46	3
156	Quis	1555.10	5
157	Accusantium	46.70	5
158	Illo	641.59	1
159	Quis	1624.87	5
160	Alias	1244.36	5
161	Voluptatibus	1542.47	3
162	Vel	959.71	4
163	Odit	1526.57	2
164	Ex	1676.59	4
165	Hic	565.00	4
166	Officia	1588.46	3
167	Voluptatem	230.04	4
168	Aperiam	307.46	2
169	Maiores	1911.69	3
170	Eligendi	1745.69	2
171	Autem	781.65	1
172	Eligendi	1000.36	3
173	Quis	754.74	3
174	Recusandae	1413.78	5
175	Magnam	472.99	2
176	Odio	635.42	4
177	Totam	52.86	3
178	Excepturi	1935.88	5
179	Exercitationem	1778.30	5
180	Soluta	434.29	1
181	Optio	1798.68	2
182	Reiciendis	1681.63	3
183	Placeat	1007.23	1
184	Aspernatur	487.92	3
185	Beatae	902.44	4
186	Fuga	1298.83	1
187	Libero	835.26	3
188	Asperiores	1672.47	3
189	Voluptatum	1935.18	2
190	Assumenda	566.15	3
191	Magni	1271.51	4
192	Est	1563.24	4
193	Totam	1744.04	3
194	Nihil	832.64	3
195	In	1886.11	1
196	Saepe	827.37	3
197	Ipsam	513.68	1
198	Cumque	1392.23	1
199	Non	1024.37	5
200	Beatae	508.23	4
201	Nobis	679.42	2
202	Delectus	1591.09	4
203	Repellendus	1220.82	3
204	Tempora	1702.44	4
205	Accusamus	164.10	4
206	Sed	1762.19	2
207	At	1860.68	5
208	Voluptatum	1995.28	1
209	Magnam	1036.24	2
210	Eius	1619.39	4
211	Adipisci	1726.69	1
212	Ducimus	1042.74	5
213	Hic	1062.60	5
214	Commodi	1536.41	4
215	Vel	688.34	5
216	Voluptate	714.17	3
217	Laborum	871.45	4
218	Nulla	475.29	2
219	Quasi	657.85	1
220	Eveniet	839.63	4
221	Voluptatem	219.04	4
222	Mollitia	1661.55	1
223	Veniam	862.40	3
224	Dicta	1192.84	4
225	Praesentium	745.16	2
226	Maxime	1011.60	1
227	Explicabo	1220.89	3
228	Eos	1865.89	1
229	Esse	31.80	5
230	Numquam	676.40	5
231	Architecto	250.95	2
232	Nisi	1954.20	3
233	Laudantium	1874.17	5
234	Aliquam	685.98	5
235	Omnis	331.11	3
236	Veniam	1432.79	3
237	Tempore	1875.24	2
238	Recusandae	1837.82	1
239	Quod	1669.43	5
240	Dolore	513.33	3
241	Voluptate	1751.30	3
242	Magnam	1897.62	2
243	Velit	1568.22	3
244	Autem	76.79	4
245	Enim	1226.72	4
246	Sequi	1980.39	5
247	Qui	34.35	5
248	Iste	47.18	2
249	Non	1580.67	3
250	Et	619.08	3
251	Doloremque	1986.11	5
252	Amet	1507.85	1
253	Veniam	1610.64	3
254	Ad	1680.33	3
255	Ea	1857.37	1
256	Magnam	1576.88	5
257	Velit	1255.77	1
258	Maxime	1134.90	4
259	Earum	810.68	2
260	Nemo	548.45	3
261	Molestias	495.95	3
262	Minima	714.01	3
263	Sint	588.97	1
264	Repellat	1863.82	3
265	Magnam	1821.55	1
266	Consequuntur	26.28	3
267	Provident	720.23	4
268	Doloremque	805.56	2
269	Quas	1682.50	3
270	Voluptas	348.00	5
271	Exercitationem	300.20	3
272	Consequatur	403.01	2
273	In	1345.85	5
274	In	1954.33	1
275	Cumque	1332.48	2
276	Quas	482.95	3
277	Laborum	942.20	2
278	Debitis	211.97	5
279	Maxime	1438.42	5
280	Voluptas	184.14	1
281	Molestias	1581.04	4
282	Consequatur	225.95	5
283	Reiciendis	1429.95	3
284	Voluptatum	1818.53	5
285	Accusamus	510.65	4
286	Commodi	691.52	4
287	Alias	1882.39	3
288	Facilis	1062.80	2
289	Labore	1364.73	3
290	Ipsam	491.02	5
291	Mollitia	837.65	5
292	Ipsa	408.92	5
293	Deleniti	1316.90	2
294	Fugiat	1952.63	5
295	Voluptate	1229.48	3
296	Quibusdam	459.52	4
297	Autem	1406.87	3
298	Suscipit	1194.34	2
299	Odio	167.62	4
300	Doloremque	103.58	2
301	Mollitia	1849.09	5
302	Iste	709.49	3
303	Odio	899.49	5
304	Occaecati	988.87	3
305	Praesentium	633.54	2
306	Facere	310.24	1
307	Asperiores	503.42	3
308	Alias	1540.69	2
309	Debitis	1696.47	5
310	Possimus	310.68	1
311	Ab	1582.13	1
312	Quaerat	772.14	1
313	Est	69.06	1
314	Saepe	95.70	1
315	Beatae	1791.81	4
316	Consectetur	266.10	2
317	Praesentium	1236.96	4
318	Deserunt	1710.12	1
319	Vel	440.04	2
320	Magni	1653.10	1
321	Cupiditate	1112.39	1
322	Consequuntur	1718.06	3
323	Voluptates	1963.32	1
324	Aspernatur	1746.69	3
325	Perferendis	275.00	2
326	Odit	859.83	1
327	Eius	235.04	2
328	Facere	147.99	4
329	Laboriosam	1348.92	4
330	Et	49.93	4
331	Accusantium	890.41	3
332	Ea	1607.22	4
333	Ea	1887.07	5
334	Natus	667.10	4
335	Reprehenderit	109.32	4
336	Non	769.06	5
337	Magnam	932.37	3
338	Fuga	447.93	3
339	Dolore	1536.80	1
340	Modi	565.97	2
341	Similique	828.02	2
342	Velit	926.96	4
343	Nulla	1983.27	1
344	Laboriosam	1306.07	2
345	Consectetur	1243.34	5
346	Quos	736.68	5
347	Voluptas	378.23	3
348	Laudantium	930.62	2
349	Nobis	1387.47	3
350	Laborum	14.47	4
351	Dolore	1310.51	4
352	Saepe	1154.95	4
353	Error	921.19	2
354	Labore	117.12	1
355	Architecto	334.74	1
356	Odit	500.30	3
357	Possimus	1830.50	1
358	Modi	425.10	2
359	At	867.33	4
360	Saepe	1858.11	1
361	Quasi	1215.72	5
362	Nihil	1041.18	4
363	Cum	1264.50	2
364	Eos	1055.01	3
365	Quo	102.27	4
366	Ea	1430.15	3
367	Reiciendis	955.20	3
368	Fuga	1787.82	3
369	Voluptate	1487.86	3
370	Accusamus	45.37	3
371	A	908.33	4
372	Commodi	768.83	2
373	Non	1417.74	5
374	Sed	32.90	4
375	Labore	1590.13	5
376	Molestias	447.74	1
377	Ab	1869.14	1
378	Nam	306.93	3
379	Dolorem	1576.55	2
380	Molestias	1841.41	2
381	Laboriosam	1510.24	2
382	Ipsa	1241.88	3
383	Exercitationem	1228.51	1
384	Et	1271.74	3
385	Quaerat	307.86	2
386	Nostrum	1563.48	4
387	Possimus	1794.82	1
388	Beatae	148.16	4
389	Vitae	396.59	2
390	Cupiditate	77.59	4
391	Odit	998.61	3
392	Corrupti	744.87	5
393	Laboriosam	1680.08	3
394	Nemo	93.33	4
395	Natus	1710.62	4
396	Culpa	1221.92	1
397	Harum	898.44	1
398	Earum	833.90	2
399	Quod	1943.62	2
400	Exercitationem	1837.98	5
401	Illo	1465.53	3
402	Impedit	1481.17	1
403	Asperiores	1706.23	4
404	Quos	1579.04	2
405	Molestiae	1208.26	2
406	Necessitatibus	1051.01	1
407	Fugit	1566.08	2
408	Dolorem	672.03	5
409	Maxime	1598.77	1
410	Odio	287.16	1
411	Asperiores	1179.02	5
412	Vero	96.37	5
413	Laudantium	919.18	2
414	Ipsam	1787.25	1
415	Possimus	432.81	1
416	Quae	437.63	1
417	Numquam	699.93	1
418	Ab	1382.27	1
419	Reprehenderit	143.82	2
420	A	1136.26	3
421	Ducimus	1138.22	4
422	Odio	626.10	2
423	Tempore	405.16	3
424	Sit	737.29	1
425	Vitae	1024.46	4
426	Ullam	229.03	4
427	Nulla	1154.67	5
428	Sequi	175.15	1
429	Sint	1480.06	5
430	Eum	386.02	4
431	Eaque	1298.31	3
432	Nobis	1643.24	3
433	Iusto	1809.01	2
434	Perspiciatis	447.60	4
435	Culpa	208.84	5
436	Minus	1669.07	2
437	Architecto	1208.23	1
438	Praesentium	393.66	2
439	Voluptate	835.78	2
440	Totam	1132.97	4
441	Inventore	729.24	3
442	Dolor	380.79	2
443	Quibusdam	1736.01	4
444	Veniam	322.78	2
445	Sint	539.42	3
446	Deleniti	1220.02	2
447	Deserunt	996.93	4
448	Ratione	1106.68	4
449	Recusandae	825.36	1
450	Facere	368.46	3
451	Fugit	511.50	2
452	Temporibus	525.05	3
453	Repudiandae	1253.09	4
454	Deleniti	1588.04	3
455	Ducimus	1248.95	2
456	Provident	672.99	4
457	Illo	1521.54	5
458	Veritatis	373.28	3
459	Numquam	815.13	2
460	Id	1842.77	4
461	Quasi	1054.03	1
462	Nam	1466.86	3
463	Debitis	1766.63	2
464	Deleniti	1883.43	4
465	Dolore	1251.38	1
466	Perferendis	1952.52	2
467	Laboriosam	735.43	2
468	Eum	972.88	1
469	Ab	1301.96	2
470	Fuga	993.95	2
471	Repellendus	747.79	4
472	Repudiandae	1477.31	3
473	A	1002.16	5
474	Natus	248.84	5
475	Qui	1095.63	2
476	Sit	677.27	4
477	Cupiditate	1436.66	1
478	Laboriosam	873.67	2
479	Delectus	1765.66	4
480	Ab	1441.50	2
481	Perspiciatis	419.48	1
482	Architecto	1317.36	3
483	Quasi	412.59	1
484	Corporis	1057.14	3
485	Esse	1033.58	1
486	Architecto	1581.60	3
487	Animi	1495.00	5
488	Quod	45.72	2
489	Eum	1342.87	3
490	Ad	532.33	5
491	Voluptate	305.93	1
492	Possimus	260.31	1
493	Labore	1982.42	4
494	Deleniti	313.84	4
495	Soluta	1845.21	1
496	Eos	480.86	3
497	Fugiat	1671.69	3
498	Quis	235.60	2
499	Earum	1936.21	4
500	Nisi	1106.40	5
501	Molestiae	1700.16	5
502	Sapiente	1612.76	2
503	Suscipit	91.58	2
504	Quia	1246.77	3
505	Assumenda	243.99	5
506	Alias	1042.84	5
507	Exercitationem	1506.13	5
508	Labore	1191.91	2
509	Deleniti	312.79	3
510	Distinctio	532.40	3
511	Alias	943.37	2
512	Ea	20.33	1
513	Et	668.31	4
514	Dolorem	606.80	4
515	Nisi	1045.41	2
516	Libero	94.46	2
517	Tempora	1575.43	2
518	Vel	1330.04	4
519	Consequuntur	1862.55	4
520	Nostrum	38.34	1
521	Aliquid	849.42	4
522	Quae	89.09	3
523	Quae	948.87	4
524	Magnam	824.22	4
525	Nihil	473.92	5
526	Fuga	1739.39	1
527	A	1420.15	4
528	Repellendus	1424.76	4
529	Dolores	1745.91	1
530	Officia	1161.36	2
531	Aliquid	1114.33	5
532	Dolorum	1013.17	1
533	Impedit	928.23	5
534	Ducimus	1728.29	3
535	Amet	1698.72	3
536	Amet	1823.87	3
537	Voluptatibus	1596.60	5
538	Cupiditate	1181.12	5
539	Facilis	1613.42	5
540	Neque	1383.34	2
541	Reiciendis	645.76	2
542	Harum	723.74	3
543	Odit	792.69	1
544	Provident	574.88	4
545	Similique	713.67	1
546	Tempore	1788.24	1
547	Incidunt	199.47	2
548	Enim	1539.12	5
549	Eaque	1837.46	5
550	Deleniti	1280.96	5
551	Assumenda	1767.69	4
552	Illo	534.89	4
553	Numquam	726.07	3
554	A	996.88	5
555	Dolorum	1462.93	5
556	Adipisci	10.94	5
557	Ducimus	559.11	2
558	Dolorem	740.66	4
559	Eligendi	712.62	5
560	Rem	28.03	4
561	Perspiciatis	516.72	2
562	Neque	1009.85	1
563	Ipsum	1918.69	4
564	Illo	913.12	1
565	Cupiditate	1014.27	5
566	Reiciendis	305.12	4
567	Illo	637.77	5
568	Commodi	479.05	2
569	Ducimus	363.17	3
570	Sed	966.89	3
571	Voluptatem	1065.90	5
572	Porro	410.92	1
573	Excepturi	1269.85	4
574	Assumenda	1221.69	2
575	Fuga	1317.79	5
576	At	1725.33	4
577	Atque	676.73	1
578	Fugit	980.05	4
579	Aperiam	1377.61	5
580	Recusandae	271.68	1
581	Accusamus	736.08	2
582	Cupiditate	596.91	4
583	Illum	33.67	5
584	Velit	1595.93	4
585	Voluptates	671.31	4
586	Eum	1270.09	4
587	Ea	897.77	1
588	Libero	1361.33	5
589	Quas	517.51	1
590	Repudiandae	1834.70	1
591	Et	1872.19	3
592	Tenetur	792.39	3
593	Inventore	1415.60	5
594	Id	1615.56	1
595	Dolore	449.97	1
596	Amet	1639.30	1
597	Fuga	344.95	3
598	Numquam	1732.30	5
599	Omnis	1735.17	3
600	Doloremque	1303.69	3
601	Fuga	1194.25	1
602	Fugit	1364.93	1
603	Minima	896.64	4
604	Ab	918.75	4
605	Neque	904.46	4
606	Repudiandae	1404.60	5
607	Magnam	323.24	4
608	Quam	960.37	1
609	Officiis	733.13	1
610	Totam	1123.26	4
611	Vel	1124.40	1
612	Ex	1335.25	2
613	Asperiores	1873.84	2
614	Cupiditate	1078.30	5
615	Rem	182.12	2
616	Deleniti	319.18	5
617	Inventore	350.24	3
618	Sit	1563.36	2
619	Nemo	1445.90	4
620	Saepe	643.32	2
621	Est	1123.88	5
622	Ut	1730.34	2
623	Neque	1378.78	5
624	Minima	899.73	2
625	In	1691.70	3
626	Consectetur	1301.36	3
627	Quibusdam	1064.86	5
628	Temporibus	169.15	3
629	Dolores	1803.33	4
630	Explicabo	65.77	5
631	Quisquam	330.93	1
632	Autem	1894.39	3
633	Consequuntur	1304.73	2
634	Totam	1171.04	5
635	Ut	1800.33	5
636	Quod	470.95	3
637	Eveniet	1331.02	3
638	Perferendis	916.81	5
639	Et	372.88	3
640	Quidem	717.85	4
641	Ipsa	1698.78	1
642	Modi	1272.42	3
643	Vel	1360.62	5
644	Possimus	1264.92	2
645	Cumque	1101.30	1
646	Nihil	841.98	3
647	Officiis	1251.73	4
648	Cum	1950.61	3
649	Porro	1393.59	4
650	Nulla	670.96	2
651	Voluptate	139.36	5
652	Iste	1818.36	1
653	Ab	1598.40	5
654	Tempora	52.51	2
655	Inventore	1005.96	2
656	Nostrum	1839.45	1
657	Nesciunt	752.48	3
658	Possimus	252.39	4
659	Ratione	230.42	5
660	Ipsa	436.85	3
661	Itaque	800.58	4
662	Quia	1720.55	5
663	Eligendi	1740.09	2
664	Excepturi	1595.85	3
665	Dolorum	1221.93	3
666	Iure	1882.88	5
667	Fugiat	11.83	2
668	Sequi	899.47	3
669	Illo	1733.01	3
670	Ea	1741.12	5
671	Maxime	433.83	2
672	Fuga	1634.17	4
673	Voluptates	1585.43	5
674	Esse	953.91	3
675	Id	1644.49	3
676	Quae	1247.08	2
677	Impedit	1613.39	5
678	Possimus	375.68	5
679	Repudiandae	1012.81	5
680	Iure	1620.74	4
681	Autem	159.94	1
682	Nulla	716.16	4
683	Doloribus	1476.90	2
684	Odio	238.80	4
685	Temporibus	480.41	3
686	Numquam	951.07	5
687	Molestiae	1192.28	1
688	Omnis	23.22	1
689	Sequi	760.20	5
690	Itaque	415.80	4
691	Quis	1207.49	1
692	Magnam	1423.85	3
693	Reprehenderit	95.97	5
694	Soluta	510.73	3
695	Cumque	1051.82	5
696	Ipsam	1762.41	3
697	Culpa	1046.44	1
698	Dolore	913.15	2
699	Amet	614.20	4
700	Iusto	321.53	4
701	Laboriosam	772.29	4
702	Libero	1638.86	2
703	Maiores	791.14	2
704	Dignissimos	1919.97	2
705	Quas	819.82	3
706	Et	1204.00	4
707	Accusamus	500.07	4
708	Dolores	213.85	2
709	Laboriosam	509.92	3
710	Ab	693.99	1
711	Unde	181.75	3
712	Delectus	1533.34	3
713	Beatae	1225.67	1
714	Odio	590.58	3
715	Voluptate	1250.69	2
716	Explicabo	1932.05	2
717	Alias	668.45	3
718	Voluptatum	1052.58	3
719	Unde	1836.90	1
720	Velit	1313.01	4
721	Tempora	372.93	3
722	Accusantium	639.32	5
723	Aliquam	1077.19	1
724	Nobis	775.26	3
725	A	1766.73	5
726	Architecto	1968.09	4
727	Distinctio	1191.64	2
728	Consequuntur	185.49	1
729	Commodi	1295.60	3
730	Rem	432.82	1
731	Quis	1158.47	4
732	Quos	1745.29	5
733	Soluta	593.46	2
734	Placeat	1472.69	2
735	Excepturi	586.30	4
736	Mollitia	83.86	4
737	Soluta	247.03	2
738	Officiis	116.78	5
739	Deserunt	957.61	1
740	Porro	1382.05	3
741	Tenetur	1528.70	5
742	Similique	590.79	5
743	Dignissimos	1491.46	5
744	Optio	1098.46	1
745	Minus	1405.81	1
746	Ducimus	1233.43	3
747	Eveniet	12.23	1
748	Magnam	271.53	4
749	Suscipit	605.30	4
750	Officiis	1330.82	3
751	Sit	336.00	1
752	Dicta	1029.50	1
753	Laboriosam	1487.75	4
754	Odit	566.71	3
755	Odit	1568.41	1
756	Non	203.14	4
757	Impedit	449.37	4
758	Accusamus	1410.48	1
759	Repellat	1117.62	2
760	Nesciunt	440.67	5
761	Id	1431.38	1
762	Sit	30.21	4
763	Laboriosam	738.68	1
764	Eaque	339.14	1
765	Praesentium	1684.75	2
766	Delectus	821.12	2
767	Commodi	766.75	4
768	Laboriosam	1648.62	2
769	Quae	247.91	4
770	Omnis	1270.02	4
771	Cum	1295.10	3
772	Iusto	626.70	1
773	Est	843.70	1
774	Quos	1241.11	2
775	Voluptates	670.96	3
776	Neque	706.36	3
777	Ad	632.40	1
778	Molestiae	1861.75	4
779	Consequuntur	851.15	3
780	Amet	1597.27	2
781	Nesciunt	1034.15	3
782	Esse	79.56	2
783	Maxime	658.26	2
784	Deserunt	1565.80	4
785	At	830.03	1
786	Quo	523.68	5
787	Rerum	540.21	5
788	Nulla	1024.57	5
789	Fugit	1982.41	2
790	Harum	913.00	4
791	Suscipit	771.97	2
792	Ratione	1693.34	5
793	Explicabo	1939.78	2
794	Voluptate	242.63	1
795	Assumenda	54.92	4
796	Omnis	50.22	3
797	Excepturi	548.35	2
798	Aperiam	1299.06	4
799	Voluptatibus	1650.62	4
800	Nemo	902.78	4
801	Neque	961.22	4
802	Temporibus	246.68	4
803	Fuga	214.34	1
804	Accusantium	1222.52	5
805	Odio	1464.32	1
806	Perspiciatis	1934.43	5
807	Provident	1635.84	1
808	Consequuntur	948.43	3
809	Reiciendis	1294.79	3
810	Ipsa	1310.51	2
811	Exercitationem	139.01	2
812	Porro	1482.70	4
813	Amet	120.86	4
814	Dolore	904.04	4
815	At	552.63	4
816	Earum	904.67	3
817	Fugiat	924.79	4
818	Tenetur	1206.52	3
819	Deleniti	1638.59	1
820	Pariatur	1185.96	3
821	Magnam	1348.25	4
822	Inventore	1566.45	5
823	Veritatis	1579.82	5
824	Quasi	579.20	2
825	Voluptatum	1936.27	4
826	Nulla	1973.95	1
827	Labore	1006.48	5
828	Modi	1656.71	2
829	Impedit	744.63	3
830	Suscipit	1413.25	4
831	Odit	971.02	3
832	Deleniti	1208.74	5
833	Alias	1925.55	3
834	Aliquid	840.46	3
835	A	1123.18	5
836	Neque	1554.78	3
837	Dicta	183.57	4
838	Quod	1023.74	4
839	Ipsam	921.78	4
840	Rerum	1302.01	5
841	Incidunt	1852.84	3
842	Veniam	1941.16	5
843	Veritatis	261.54	5
844	Dignissimos	777.76	3
845	Odit	1994.75	1
846	Quam	1744.49	4
847	Blanditiis	1335.23	5
848	Maxime	102.81	5
849	Necessitatibus	1311.73	1
850	Optio	876.61	3
851	Commodi	1578.52	5
852	Doloribus	41.55	2
853	Ipsam	1588.53	5
854	Dolores	1966.48	1
855	Exercitationem	125.16	1
856	Architecto	875.52	2
857	Impedit	1184.11	3
858	Deleniti	1503.97	3
859	Occaecati	1217.97	5
860	Voluptatum	1516.52	4
861	Cum	1272.67	4
862	Expedita	30.33	4
863	Atque	453.79	4
864	Exercitationem	1565.66	2
865	Dignissimos	11.68	5
866	Expedita	673.73	2
867	Placeat	847.25	1
868	Corporis	1918.15	4
869	Aliquam	966.46	4
870	Dolor	340.04	2
871	Iusto	497.31	5
872	Quam	1374.50	5
873	Rerum	304.39	2
874	Ipsam	232.27	2
875	Deserunt	1721.76	3
876	Consequuntur	1672.06	1
877	Culpa	449.00	3
878	Voluptas	1366.43	4
879	Pariatur	1021.07	2
880	Incidunt	587.75	5
881	Dolorem	1727.37	3
882	Dignissimos	820.13	2
883	Minima	1583.58	1
884	Velit	1038.56	2
885	Nostrum	1008.16	5
886	Eaque	317.22	1
887	Laborum	1552.67	1
888	Cum	1882.68	2
889	Dignissimos	50.97	1
890	Veritatis	1984.24	1
891	Voluptas	278.49	3
892	Pariatur	600.73	1
893	Facere	825.71	5
894	Suscipit	240.26	1
895	Ipsam	1600.13	3
896	Delectus	496.27	3
897	Omnis	740.61	4
898	Itaque	290.90	3
899	Modi	1880.69	1
900	In	958.95	2
901	Commodi	1703.08	3
902	Quo	582.71	2
903	Voluptate	575.21	2
904	Cumque	1275.33	1
905	Animi	1863.48	1
906	Corrupti	963.94	2
907	Perspiciatis	977.89	1
908	Illum	1475.44	5
909	Aliquam	1085.71	4
910	Aut	87.93	2
911	Fuga	691.45	2
912	Beatae	1260.47	4
913	Et	431.59	3
914	Quod	1651.88	5
915	Odit	1401.10	5
916	Fugit	695.97	4
917	Aspernatur	1174.93	2
918	Excepturi	1891.14	3
919	Voluptatibus	1463.09	2
920	Nihil	709.10	3
921	Quam	211.91	4
922	Distinctio	304.85	4
923	Illo	12.84	1
924	Iusto	1544.44	1
925	Fugit	1572.65	5
926	Corporis	613.95	1
927	Hic	1208.08	3
928	Voluptatum	511.97	3
929	Porro	70.41	5
930	Non	1198.71	1
931	Reiciendis	1251.28	4
932	Blanditiis	1912.66	4
933	Cumque	907.53	5
934	Ipsam	815.26	4
935	Reprehenderit	182.63	4
936	Quasi	1291.21	3
937	Impedit	398.07	5
938	Quis	331.60	3
939	Laborum	1800.55	2
940	Blanditiis	1452.37	3
941	Nobis	341.61	5
942	Similique	286.04	3
943	Cupiditate	844.54	2
944	Voluptates	26.18	5
945	Quia	297.66	1
946	Modi	650.37	1
947	Illo	1616.26	3
948	Quae	959.41	4
949	Nostrum	1298.07	5
950	Provident	1103.32	5
951	Minus	164.92	2
952	Et	1957.06	5
953	Tenetur	507.53	5
954	Culpa	1323.68	3
955	Fugiat	1562.35	4
956	Adipisci	264.23	2
957	Ullam	1716.54	2
958	Velit	1199.36	2
959	Quibusdam	1759.43	4
960	Tempore	658.10	3
961	Facere	177.46	3
962	Iusto	393.56	4
963	Tempora	898.46	1
964	Eveniet	1244.59	3
965	Aliquid	740.91	3
966	Quidem	52.56	5
967	Quia	670.08	4
968	Provident	1048.30	3
969	Quas	1657.70	4
970	Inventore	1895.10	3
971	Voluptas	1357.13	3
972	Eveniet	262.40	5
973	Officia	1303.23	5
974	Iusto	640.35	3
975	Accusamus	777.10	4
976	Non	1264.73	3
977	Praesentium	703.15	4
978	Qui	1188.23	2
979	Perferendis	1525.77	1
980	Iste	605.31	4
981	Eos	1163.15	1
982	Necessitatibus	1646.90	1
983	Repudiandae	786.33	2
984	Vel	984.39	4
985	Quos	1992.31	3
986	Debitis	1421.23	1
987	Aspernatur	481.84	5
988	Id	1031.57	4
989	Possimus	1434.01	4
990	Ut	1048.78	5
991	Totam	1617.78	5
992	Nemo	431.05	1
993	Deserunt	520.22	1
994	Aliquid	1061.25	4
995	Maxime	408.97	3
996	Soluta	220.91	5
997	Tempore	1401.27	3
998	Laboriosam	1604.34	2
999	Saepe	884.92	1
1000	Odit	1079.75	2
\.


--
-- Data for Name: reviews; Type: TABLE DATA; Schema: public; Owner: Christian_Cazorla
--

COPY public.reviews (review_id, user_id, product_id, rating, comment) FROM stdin;
1	569	49	2	Culpa incidunt odio adipisci praesentium eaque.
2	7	795	2	Perspiciatis aspernatur praesentium iste.
3	318	878	1	Animi hic laudantium minima suscipit voluptatum.
4	411	254	3	Quod provident deserunt eligendi facilis repudiandae odit quod.
5	77	38	1	Blanditiis animi facilis assumenda.
6	129	80	5	Accusantium rerum dicta velit laboriosam repellat.
7	116	578	3	Perspiciatis nam ducimus harum rem.
8	529	572	1	Aliquam omnis aut.
9	747	481	4	Quasi sint vero facere deleniti autem.
10	186	194	1	Tempore deleniti temporibus quae.
11	220	3	3	Delectus deserunt nostrum in necessitatibus eligendi ut.
12	655	888	1	Debitis asperiores aliquam adipisci nostrum alias.
13	504	208	4	Officiis quibusdam accusantium esse error sequi.
14	281	258	2	Aut voluptatem quaerat quam consequatur.
15	538	407	4	Amet quibusdam asperiores minus aspernatur accusantium tempora.
16	149	644	2	Ex odit cumque iste.
17	719	468	1	Dolorem odit sunt.
18	608	993	2	Praesentium vel vitae nisi.
19	466	781	5	Suscipit aliquam perferendis praesentium sit.
20	630	314	1	Rerum adipisci repellendus non.
21	599	289	1	Ea dolorum nisi nam in.
22	91	342	2	Iste explicabo in itaque in iste accusantium.
23	558	584	1	Excepturi possimus dolor quam illo.
24	554	549	2	Labore perferendis praesentium neque itaque recusandae.
25	150	748	3	Non incidunt alias iure.
26	969	140	1	Perspiciatis eius veritatis repellat impedit corporis.
27	409	617	4	Quam deleniti nobis nulla tempore ad.
28	583	880	2	Vero voluptate natus architecto aliquid.
29	724	9	2	Quos ullam quisquam optio officiis mollitia.
30	182	731	3	Nisi rerum cupiditate.
31	462	678	2	Molestias quia deleniti soluta ex placeat.
32	204	22	1	Quaerat nobis tempore ducimus.
33	45	941	5	Eligendi fuga ratione officiis quam fugiat dolores ab.
34	687	932	3	Blanditiis assumenda minus vitae officia culpa iusto.
35	953	125	5	Vitae exercitationem vel quia.
36	591	347	2	Iure dolorum illo maxime officiis impedit illum magni.
37	718	174	5	Ea natus sunt.
38	425	828	1	Earum est laboriosam.
39	191	734	5	Modi nulla consequatur.
40	569	168	2	Cupiditate vitae officia occaecati voluptates corrupti sint.
41	166	900	4	Voluptatum quos ipsum assumenda excepturi odit iure ratione.
42	102	657	1	Recusandae aliquid nisi.
43	683	210	5	Dolorem consequatur minima reprehenderit.
44	123	745	5	Iste quo consequuntur numquam cum.
45	879	703	2	Corrupti alias soluta.
46	502	737	4	Corrupti debitis perspiciatis debitis eum illo.
47	635	178	2	Ad sint dolorum corporis inventore officiis.
48	695	824	5	Eos molestias esse porro quam labore voluptatibus.
49	738	431	4	Inventore occaecati labore veritatis necessitatibus voluptate in.
50	231	63	5	Delectus occaecati sit deleniti.
51	415	928	2	Velit eum eligendi.
52	416	507	5	Ratione in temporibus est.
53	675	457	5	Quibusdam consequatur voluptatum nesciunt voluptates.
54	447	618	1	Modi amet aspernatur quo.
55	899	739	4	Ipsam a quaerat facere fugit soluta.
56	131	992	2	Quisquam saepe harum.
57	423	58	3	Dolores dignissimos necessitatibus blanditiis provident sunt.
58	810	586	2	Commodi odio pariatur eligendi sint.
59	838	893	3	Tempora voluptatem nobis ex officia distinctio.
60	109	780	5	Eaque voluptatem suscipit quisquam.
61	579	667	1	Tempora rem itaque eius quae distinctio quos dolorum.
62	200	614	3	Doloremque sint repellat molestiae corrupti veritatis dolore neque.
63	99	9	3	Libero ad omnis quam similique.
64	897	223	1	Fugit exercitationem consequuntur nemo architecto eligendi vitae.
65	746	427	4	Neque pariatur possimus quaerat.
66	172	734	3	Nobis eligendi tenetur.
67	735	955	4	Animi voluptatum eos iusto quos ad tenetur.
68	441	149	1	Enim delectus dolor aliquam optio veritatis animi.
69	317	95	4	Totam atque esse a.
70	359	374	2	Ad optio amet iure cupiditate aut repudiandae.
71	604	744	5	Distinctio accusantium sunt nostrum.
72	41	886	2	Ad beatae illum ab ipsam.
73	525	295	1	Quam dignissimos numquam reiciendis.
74	980	679	5	Nam voluptatem nemo eligendi provident sapiente voluptates.
75	962	286	2	Porro labore neque sunt non reprehenderit.
76	706	666	4	Doloremque perferendis vitae.
77	380	760	1	Laborum commodi ullam eos.
78	557	346	3	Quasi sapiente sint possimus quas eum.
79	951	254	5	Quis voluptas nobis odit ea.
80	248	742	1	Veritatis ab aut ut enim nesciunt inventore repellat.
81	83	495	1	Molestias rem veritatis ipsam ipsum nam facere.
82	626	865	5	Maxime doloremque molestias dolor atque ex.
83	854	98	1	Mollitia exercitationem modi voluptas.
84	819	351	5	Quidem sint voluptas eius odio itaque incidunt accusamus.
85	875	694	1	Dicta expedita nemo.
86	591	23	4	Ipsum accusamus consectetur autem.
87	391	261	3	Facere architecto suscipit aperiam.
88	87	571	2	Repudiandae laborum natus tempora.
89	742	224	5	Assumenda illo ut.
90	476	571	2	Mollitia tenetur fuga fugit.
91	546	682	5	Quo neque mollitia voluptas id quo impedit.
92	3	852	4	Amet provident voluptates unde.
93	169	661	1	Debitis iure fugiat quos.
94	828	916	2	Dolores modi voluptatibus quidem.
95	373	554	1	Aperiam reiciendis nihil maiores.
96	933	520	1	Voluptatem error quam eligendi itaque rerum eligendi.
97	132	777	5	Aperiam cum libero.
98	844	976	2	Autem aliquam a repellat quia temporibus.
99	56	890	4	Neque nihil quas odio sed.
100	889	67	3	Unde sed ut ad nobis.
101	945	16	3	Possimus sequi cum quasi adipisci atque sed.
102	2	434	2	Minus blanditiis ipsum dolor.
103	487	11	1	Aliquam explicabo nobis commodi quidem.
104	229	634	1	Aperiam illum commodi earum nihil amet eligendi.
105	630	174	3	Esse culpa accusamus impedit repudiandae praesentium dolore.
106	524	324	5	Provident cum minima eum quo illo.
107	708	558	4	Reiciendis delectus quaerat quisquam nam doloribus impedit.
108	387	348	2	Eaque consectetur nam earum porro nesciunt eius possimus.
109	984	376	3	Magnam labore cumque praesentium qui eos dolorem autem.
110	349	672	3	Veritatis beatae amet nisi.
111	542	600	3	Enim ex natus odio autem laborum.
112	929	190	4	Ad exercitationem reiciendis ex exercitationem illo autem.
113	817	96	1	Qui dolore exercitationem sequi cumque necessitatibus.
114	865	972	1	Neque ad minima accusamus eos laudantium est veniam.
115	248	466	5	Modi labore tenetur quasi accusantium nemo aliquam incidunt.
116	846	450	2	Quis ducimus blanditiis.
117	345	395	1	Atque qui repellat dolore repellendus consectetur illum.
118	17	394	1	Aspernatur placeat natus at reprehenderit.
119	808	535	4	Repellendus molestiae corrupti.
120	936	209	3	Vitae debitis explicabo neque natus expedita consequatur.
121	860	822	3	Animi doloremque dolorum veniam quam numquam.
122	935	781	2	Suscipit fugiat veniam deleniti.
123	600	289	5	Itaque cumque quaerat provident non neque ratione ad.
124	993	10	1	Ea possimus illum voluptates.
125	290	838	1	Natus tempore dolor pariatur.
126	546	492	4	Velit doloribus asperiores voluptates.
127	314	908	2	Quidem enim nisi deleniti quidem.
128	22	66	3	Nisi nisi laborum voluptatibus reprehenderit dicta.
129	712	129	2	Itaque velit labore impedit repellat architecto.
130	410	463	5	Quaerat voluptatum commodi iste consequuntur laboriosam.
131	571	834	2	Vero eaque eligendi asperiores officiis quas modi.
132	501	86	4	Quas hic explicabo veniam.
133	297	989	5	Natus qui atque tenetur.
134	4	317	1	Explicabo porro provident voluptatum mollitia tenetur aut.
135	294	504	4	Nobis earum quasi a.
136	572	91	5	Voluptas cumque quia nisi dignissimos ratione exercitationem.
137	261	891	5	Unde animi doloribus libero.
138	407	547	2	Non aut id impedit expedita harum nobis quae.
139	872	5	5	Id at iusto ex magni suscipit dignissimos.
140	786	513	1	Fugiat omnis expedita.
141	619	912	4	Dolore repudiandae a perferendis.
142	881	600	3	Nobis dolorem maiores dolorem quasi tempora.
143	98	752	5	Modi voluptatum rem ab.
144	821	333	3	Nemo facere enim voluptates iusto illo aliquam occaecati.
145	185	297	1	Incidunt recusandae dolores amet ab maxime voluptatem.
146	21	309	4	Ex sed laborum quasi similique provident temporibus.
147	350	179	4	Pariatur minus impedit nulla accusamus minima.
148	903	145	2	Illo veniam rerum quasi doloremque repudiandae placeat molestiae.
149	826	885	5	Ullam ullam dolorum omnis optio iure alias dignissimos.
150	362	215	4	Magni placeat accusantium delectus.
151	609	175	4	Deserunt repellendus illo.
152	167	505	2	Harum iusto optio quo voluptatem.
153	832	519	4	Nobis natus quod laboriosam ea dolore.
154	489	79	1	Veniam aliquam sit distinctio quas.
155	464	944	4	Sint quisquam ut ea facilis quibusdam.
156	726	658	1	Ab nam illo sapiente dolorem unde.
157	876	407	3	Temporibus eligendi nulla aut cum.
158	798	902	3	Animi ipsam iure distinctio facilis atque.
159	763	317	2	Alias similique quasi dolores quo quasi.
160	187	760	1	Nobis libero illo est repellat blanditiis.
161	556	443	4	Illo odit aspernatur sunt autem beatae provident.
162	797	66	3	Vitae officiis hic laborum.
163	429	48	4	Deserunt perferendis minima.
164	401	615	1	Animi veritatis libero quam quod qui.
165	615	441	5	Laborum tempore sequi dignissimos.
166	393	756	1	Reprehenderit qui non maiores similique earum sequi.
167	557	477	4	Labore animi consectetur distinctio.
168	336	414	4	Mollitia architecto illo veniam.
169	743	203	1	Doloribus cumque facilis hic voluptate magnam velit.
170	895	59	2	Exercitationem id eveniet.
171	59	301	4	Porro architecto animi ipsum molestiae cumque.
172	587	307	4	Nisi ea inventore occaecati officia itaque.
173	610	77	5	At reiciendis quas molestias reiciendis praesentium.
174	513	241	4	Atque necessitatibus tempora laborum velit voluptates quia.
175	64	752	5	Aut commodi iure eum.
176	45	485	1	Sapiente nihil voluptate voluptatibus.
177	144	887	2	Laborum saepe velit omnis possimus nam.
178	730	847	4	Eos incidunt veritatis voluptate.
179	438	42	3	Numquam et exercitationem blanditiis adipisci sed.
180	728	149	1	Nemo aperiam culpa omnis rem adipisci optio quidem.
181	9	651	5	Dolores adipisci in veritatis laborum nostrum.
182	257	615	3	Minus ut ratione fugit impedit dolor perferendis.
183	994	561	1	Sunt magni sapiente natus nam.
184	680	10	4	Maiores blanditiis tempore iusto est cupiditate in.
185	506	178	1	Reprehenderit consequuntur eius id facilis.
186	544	694	3	Voluptatum tenetur quidem molestiae alias amet.
187	634	493	1	Unde cum excepturi magnam corporis nobis ipsa.
188	506	93	4	Aliquid sapiente ducimus minus.
189	102	673	4	Saepe asperiores quod corporis sunt velit magnam.
190	209	307	1	Illum facilis eum est animi harum nostrum.
191	881	509	5	Eligendi vel beatae veniam eligendi.
192	420	883	3	Ipsum totam totam debitis.
193	92	141	1	Officiis rerum dolore quo quam voluptatum.
194	863	206	4	Porro suscipit dolorum unde.
195	976	572	3	Quae fuga quo quos odio laborum.
196	400	101	2	Ducimus quasi consequatur.
197	882	243	1	Pariatur architecto dignissimos quaerat.
198	611	359	4	Deserunt debitis veniam fuga veniam pariatur.
199	244	480	4	Omnis provident natus quas dolores.
200	277	793	2	Reiciendis reiciendis recusandae minus nesciunt saepe.
201	775	305	3	Cupiditate doloribus recusandae cum dolore.
202	911	406	3	Quae quam quaerat perferendis.
203	720	539	3	Accusantium vero deleniti.
204	812	95	4	Consectetur quaerat ea maxime eveniet est.
205	687	920	4	Error repudiandae ullam optio excepturi iure dolor et.
206	977	850	4	Mollitia numquam earum enim.
207	833	817	1	Quas repellendus recusandae dolor reprehenderit nam voluptas.
208	746	429	2	Rem itaque soluta possimus porro.
209	492	7	4	Accusantium cumque in magnam.
210	437	3	3	Dolores quod magnam.
211	574	333	2	Expedita error repellat earum.
212	191	91	2	Doloremque architecto delectus expedita illum laborum.
213	199	249	3	Corporis aspernatur nostrum amet illo.
214	681	754	3	A quam praesentium debitis perferendis placeat.
215	170	108	5	Iste quas reiciendis sit fugit assumenda dolores qui.
216	700	212	3	Aperiam molestias nemo laborum.
217	858	89	5	Qui esse atque.
218	333	767	1	Harum molestias error tempore.
219	894	34	2	Molestias deleniti repudiandae ut aliquid expedita rerum.
220	742	936	3	Temporibus itaque nulla animi architecto magni.
221	432	477	1	Cumque asperiores praesentium voluptate recusandae.
222	995	171	5	Ullam iure pariatur.
223	663	950	3	Quibusdam molestias animi numquam.
224	584	869	2	Recusandae ut fugit excepturi quasi tempore nihil cupiditate.
225	848	367	5	Veritatis totam cumque.
226	333	772	2	Sint totam alias.
227	178	951	5	Odit perferendis perferendis voluptatum consectetur quibusdam quo.
228	429	435	3	Iusto asperiores numquam consequuntur commodi itaque id.
229	976	781	2	Dolore repellat est explicabo doloremque natus officia voluptatum.
230	816	513	2	Molestiae minima quo asperiores expedita.
231	194	844	4	Maiores provident iure architecto nam libero qui.
232	277	152	2	Quos placeat nesciunt error.
233	254	409	3	Fuga cum et dolorem molestias.
234	21	368	1	Magni nobis facilis.
235	573	349	1	Reiciendis voluptates eaque cum iure illo.
236	597	305	4	Facere asperiores blanditiis iste soluta totam.
237	757	425	2	Tenetur ipsa dolor similique inventore.
238	892	479	1	Rerum quae nihil eaque nisi commodi adipisci.
239	549	927	1	Aut voluptatum iure.
240	372	368	4	Voluptates ipsa harum libero eaque reiciendis.
241	37	905	1	Quisquam rerum assumenda ut eum rerum quas.
242	106	380	4	Corporis maxime quia fugiat vitae dolores.
243	158	548	4	Vero provident beatae sapiente ipsam.
244	392	132	1	Placeat alias temporibus praesentium mollitia.
245	43	991	5	Repellat hic repellat maxime beatae.
246	190	222	3	Ea quo tenetur quo exercitationem totam laboriosam nisi.
247	423	347	3	Consequuntur molestias libero accusantium amet quia.
248	163	675	2	Optio doloremque omnis laboriosam rem.
249	566	479	4	Aliquam tempore hic dolorem quas quo voluptatum.
250	148	673	5	Minus voluptatum soluta pariatur.
251	421	146	1	Fuga placeat debitis.
252	355	697	5	Architecto quos vitae quas laborum.
253	663	949	2	Dolor delectus ducimus optio.
254	168	966	1	Non placeat numquam eum a nesciunt velit.
255	250	135	2	Nisi tempore a sed.
256	119	172	2	Ab totam accusamus sint officia occaecati qui.
257	560	467	2	Cum unde quo voluptatibus libero quidem officia.
258	111	170	2	Natus qui natus sed fugit.
259	338	550	5	Nisi veniam a doloribus tenetur recusandae.
260	666	909	3	Voluptatem architecto laborum.
261	39	129	3	Animi soluta sint dolorem quisquam.
262	448	831	3	Voluptatibus occaecati doloribus voluptates.
263	868	411	1	Eligendi nostrum perferendis fuga vitae voluptate eos quibusdam.
264	929	746	2	Totam tempora aspernatur nisi sequi dignissimos placeat.
265	706	128	4	Nemo sint error dicta distinctio saepe.
266	334	687	4	Eum tenetur cumque ipsa laborum.
267	927	958	5	Soluta deleniti impedit aliquam voluptate.
268	497	459	4	Sed exercitationem praesentium magni ipsam vitae cum.
269	844	726	4	Ullam atque quisquam ex minus.
270	78	231	3	Quam ullam ullam veritatis iste qui quasi.
271	143	471	3	Dolores repellat veritatis provident perferendis eius itaque.
272	226	839	4	Fugiat enim voluptate.
273	455	8	1	Maxime ducimus repellat esse aut.
274	855	525	5	Consequatur cumque optio dignissimos repellat odio.
275	249	420	3	Blanditiis quibusdam veritatis aperiam consequatur esse.
276	133	534	3	Expedita expedita repellat eaque debitis id quae vero.
277	160	278	1	Delectus architecto asperiores.
278	713	40	5	Odio repellat vel quas nam.
279	238	593	2	Odio voluptas perspiciatis vel.
280	49	710	1	Neque dolores possimus voluptate.
281	648	500	2	Iste aliquid placeat nam odio architecto.
282	947	156	2	Exercitationem neque quam eaque velit debitis itaque.
283	236	668	2	Temporibus perferendis illo quo necessitatibus.
284	760	609	4	Ipsa qui vitae tempore harum.
285	607	691	3	Delectus rerum illum.
286	263	720	4	Neque aut eius omnis eum.
287	162	250	5	Temporibus iste recusandae minima assumenda impedit minus assumenda.
288	426	674	4	Ipsa blanditiis soluta.
289	131	986	5	Illum minima magni.
290	408	977	4	Incidunt laboriosam possimus occaecati occaecati officiis tempora.
291	340	740	4	Inventore amet tenetur labore.
292	795	107	3	Ab ipsam atque distinctio necessitatibus incidunt dicta.
293	372	842	5	Blanditiis exercitationem accusamus iure.
294	684	745	4	Beatae excepturi ex aut voluptatem dicta inventore.
295	115	75	1	Quaerat suscipit nulla quidem.
296	956	414	1	Suscipit iste asperiores quia reprehenderit.
297	923	149	5	Minus quia molestiae ratione.
298	353	501	1	Quasi nihil sint doloribus.
299	591	304	3	Cumque repudiandae tempora temporibus ullam.
300	65	838	2	Nostrum sint cupiditate ad rerum culpa aspernatur.
301	813	618	3	Quisquam doloribus dolorem necessitatibus dolores doloremque alias.
302	796	555	5	Impedit maiores sequi dolore explicabo quisquam.
303	628	257	3	Doloribus earum iste molestiae officiis sit perferendis doloremque.
304	626	751	1	Iste neque saepe ut suscipit voluptatem.
305	463	669	2	Cum culpa dolorem veniam quod.
306	465	430	2	Repellat adipisci consequuntur quidem dolores aspernatur.
307	736	542	1	Corrupti aut accusamus libero corporis aliquam tempora hic.
308	11	92	1	Repudiandae aperiam harum labore expedita perspiciatis sit.
309	252	346	5	Exercitationem dolore in molestiae fugiat temporibus quis dolorum.
310	568	849	2	Tenetur vero enim.
311	766	825	1	Rem similique aspernatur sint.
312	755	84	5	Quo laboriosam odio unde tempore illum quidem.
313	161	769	4	Sint vitae vitae odio velit laudantium alias.
314	509	326	1	Harum magnam in soluta.
315	234	525	5	Deleniti accusamus dolores animi.
316	206	622	5	Quos voluptates voluptas rem incidunt earum.
317	859	848	4	Minima quos ipsam odit.
318	135	322	2	Et tenetur eius ut vitae alias ipsum.
319	300	466	5	Repudiandae repudiandae id.
320	412	122	2	Cum deserunt tenetur nemo impedit inventore.
321	406	923	1	Sint eveniet odit quidem fuga maiores mollitia inventore.
322	591	112	3	Labore eligendi sit.
323	225	472	5	Saepe accusamus temporibus modi qui placeat.
324	726	397	2	Pariatur fugiat ea at numquam.
325	321	465	1	Quas nisi quae neque vero neque doloremque eveniet.
326	770	690	3	Dolorem quasi molestiae autem eaque sit doloribus.
327	469	521	3	Aliquid optio eius non et officiis dolor.
328	812	521	5	Quam esse libero et.
329	604	923	2	Excepturi totam debitis eligendi.
330	358	848	2	Inventore dolorum libero.
331	626	937	3	Id omnis eos.
332	645	112	1	Blanditiis repudiandae velit saepe distinctio vitae quisquam.
333	229	161	5	Possimus excepturi aut.
334	658	993	3	Amet natus quos eveniet.
335	173	601	4	Corporis animi quis nostrum a ex nihil optio.
336	250	213	5	Eum fugiat assumenda ipsa occaecati velit odio.
337	356	190	3	Nemo enim possimus omnis ullam suscipit.
338	199	142	1	Alias quam magnam facilis dolorum.
339	834	570	5	Sed minima reprehenderit eius sint.
340	539	395	2	Quas exercitationem placeat.
341	988	28	3	Corrupti voluptas ipsa ipsam facilis nulla eveniet.
342	695	860	1	Dolores id dignissimos voluptas.
343	569	291	3	Est eos fuga distinctio ut excepturi veritatis quasi.
344	712	987	4	Tempora aut minus corrupti.
345	420	988	1	Nostrum dolore ducimus distinctio.
346	231	651	1	Dolorem dolorem blanditiis soluta eos.
347	944	309	4	Quo distinctio laboriosam unde.
348	170	785	1	Molestiae reiciendis vel iure.
349	547	175	2	Laborum laboriosam tempore occaecati et soluta repellendus.
350	172	583	3	Voluptate asperiores perferendis modi ratione.
351	974	396	1	Error laborum perspiciatis blanditiis qui.
352	965	452	2	Nemo architecto tempora cumque similique alias earum dolor.
353	240	97	2	Impedit nobis doloribus nobis.
354	333	980	2	Ipsum atque nisi aliquam.
355	776	157	2	Voluptates illo iusto voluptate magni dolor.
356	361	111	4	Aperiam optio iste eligendi quasi eum aspernatur sint.
357	574	66	1	Deserunt ipsa molestias dolorem odio saepe voluptas.
358	819	186	4	Quae totam praesentium adipisci magni sint magni.
359	116	6	2	Eius optio consequatur optio incidunt veritatis.
360	180	837	1	Nesciunt ab dolore perspiciatis ratione facere hic.
361	533	988	3	Excepturi aliquid sit incidunt provident dolorum sed architecto.
362	766	116	1	Exercitationem mollitia maxime beatae maxime quis.
363	464	949	3	Expedita eos tenetur.
364	131	713	3	Similique quaerat odio quidem sit enim itaque.
365	705	986	1	Quam odit porro eligendi eum.
366	405	958	4	Quas dicta et itaque.
367	31	163	5	Quas ad aliquid id autem iure non cumque.
368	300	772	2	Vel minima fugit corrupti repudiandae beatae minus.
369	574	229	3	Vitae harum maxime aliquid.
370	424	703	4	Dicta eaque vero animi perspiciatis nesciunt provident.
371	850	855	4	Quibusdam odit aliquid consectetur laboriosam.
372	739	494	4	Nemo autem voluptas aspernatur exercitationem nostrum expedita.
373	512	866	5	Iusto eaque necessitatibus itaque quod repellendus.
374	9	261	1	Id inventore facere nesciunt nisi laudantium eveniet.
375	24	917	1	Esse consequuntur quos non fugit similique.
376	586	154	1	Unde ratione expedita repudiandae.
377	705	907	1	Reiciendis magni soluta.
378	154	406	5	Earum nobis hic incidunt dolores voluptates.
379	828	394	4	Porro eaque inventore.
380	199	70	5	Culpa mollitia accusantium inventore quis minima illo.
381	683	852	1	Minima itaque nemo aliquid libero.
382	444	726	1	Temporibus rerum numquam soluta doloribus dolores ad facere.
383	314	578	5	Animi dicta quibusdam quaerat.
384	588	705	3	Tempora perferendis expedita iste ullam.
385	989	526	1	Ipsum similique fugit nisi pariatur delectus.
386	600	818	5	Eos doloremque consequatur tempore.
387	223	818	5	Suscipit nam nulla ipsum labore accusamus.
388	523	686	4	Aliquam odio eligendi.
389	400	427	3	Rerum consequuntur nulla alias magnam.
390	655	96	5	Aperiam et iusto adipisci sit odit.
391	306	840	5	Illo dicta fugit laborum porro sint neque.
392	369	583	4	Sed ipsum accusamus expedita autem asperiores amet.
393	520	92	5	Praesentium vero accusantium voluptatibus quo id quos.
394	715	959	3	Molestiae numquam ipsa labore cupiditate.
395	484	204	3	Esse necessitatibus corporis quaerat nostrum maxime eaque.
396	629	953	2	Atque vitae aliquid temporibus deleniti nihil.
397	428	219	4	Aut error mollitia nulla ad praesentium occaecati molestias.
398	984	242	3	Enim in debitis doloremque perferendis.
399	219	324	5	Fugit vero perferendis unde commodi odio quibusdam.
400	315	91	3	Fugit magnam inventore dignissimos.
401	131	341	1	Similique deleniti voluptatibus.
402	821	895	4	Minima ducimus exercitationem itaque praesentium modi.
403	514	974	2	Non velit eligendi ex distinctio voluptates eum.
404	868	348	5	Repellat eligendi nam aspernatur ut error repellendus ab.
405	781	907	5	Rerum sint blanditiis recusandae eius minima.
406	377	1000	5	Fuga dignissimos excepturi perferendis.
407	933	665	1	Quae quaerat alias itaque molestias facilis.
408	530	793	5	Eaque vel incidunt tempora.
409	381	815	4	Nulla explicabo quaerat ullam nulla commodi.
410	38	637	3	Recusandae explicabo quisquam voluptate.
411	104	846	4	Impedit ipsum magni quaerat totam.
412	336	510	5	Totam culpa cum.
413	377	651	3	Provident quas dicta autem pariatur iste.
414	480	908	1	Distinctio incidunt eos praesentium.
415	715	960	2	Eligendi deleniti totam molestiae possimus soluta iste.
416	30	407	5	Quam corporis nemo ullam.
417	795	423	3	Exercitationem corrupti ea velit mollitia temporibus doloremque.
418	838	328	4	Provident id dolorum animi.
419	873	583	3	Laborum tempora magnam.
420	67	333	4	Facilis accusamus id odit.
421	889	282	2	Assumenda nostrum reiciendis dolore molestiae asperiores autem.
422	99	11	1	Debitis nostrum mollitia beatae perferendis debitis delectus.
423	876	32	5	Vitae quae neque iure voluptatum.
424	198	69	1	Alias vel commodi sed facilis rerum voluptatum.
425	348	690	3	Delectus fuga perspiciatis illum.
426	43	530	3	Deleniti praesentium quo inventore ducimus veritatis eius.
427	244	994	5	Eligendi hic nostrum fugiat quam.
428	282	771	3	Ad ipsum quos dolorem aut inventore.
429	40	289	4	Praesentium sint labore itaque deserunt animi.
430	975	282	2	Delectus occaecati facere earum numquam libero.
431	470	41	2	Eius beatae impedit id.
432	264	434	2	Exercitationem eius non illum aspernatur adipisci.
433	80	988	2	Eveniet architecto qui distinctio consequuntur laudantium omnis.
434	773	844	4	Voluptates veniam officia laudantium.
435	924	23	3	Dolores magnam ab maiores ducimus.
436	234	396	2	Rem veniam consectetur fuga perspiciatis distinctio.
437	790	193	3	Accusamus amet ratione iste dolorum.
438	15	287	1	Porro eaque nulla corporis nemo.
439	235	634	2	Fugit dolor necessitatibus fugiat.
440	536	611	4	Eius harum in quae.
441	686	267	4	Fuga quas officia repellendus deserunt.
442	801	642	3	Illum perspiciatis vitae maiores delectus est possimus.
443	290	851	4	Suscipit corrupti consectetur eos veniam.
444	518	712	5	Praesentium alias eius pariatur recusandae nesciunt iure.
445	762	121	3	At fugit dolores dicta.
446	874	359	3	Totam accusantium quae nam nam itaque facilis.
447	721	588	2	Consequuntur vitae laborum dignissimos ullam cupiditate.
448	706	391	5	Optio cupiditate dolore aperiam.
449	727	237	4	At minus ex magni ipsa dolore.
450	503	450	3	Magnam iste repellat fuga accusamus tenetur.
451	127	427	5	Autem omnis cum praesentium.
452	660	502	2	Aliquid mollitia nisi unde fugiat voluptas.
453	626	93	1	Illo veritatis doloribus voluptate.
454	589	291	5	Debitis cumque quis aut at praesentium eaque.
455	960	609	5	Occaecati laborum quasi accusamus et voluptatem impedit.
456	69	755	1	Iste adipisci cum in.
457	332	149	1	Tenetur quidem odit eveniet eum consequatur consequuntur.
458	775	904	5	Saepe sapiente fugit quia corrupti quia.
459	374	846	1	Dolore repudiandae doloremque odio.
460	165	515	5	Cupiditate dolorum nesciunt sint ducimus.
461	76	535	5	Nam aperiam aliquam consectetur.
462	687	452	1	Perferendis illum sint sunt eum iste libero.
463	876	14	1	Placeat explicabo in quibusdam.
464	60	885	3	Illo quo similique sit occaecati quas.
465	653	773	4	Sint a neque incidunt.
466	624	691	4	Doloremque delectus minus facilis totam ea.
467	188	575	5	Vitae nam facere eum iure.
468	217	248	5	Unde adipisci ipsa autem reiciendis similique recusandae.
469	752	876	3	Perferendis eum officia accusantium blanditiis.
470	634	799	4	Repudiandae perferendis praesentium quasi non veniam dignissimos.
471	27	189	4	Tenetur deleniti quasi ratione.
472	451	706	5	Delectus esse repellendus officia optio accusantium.
473	226	237	3	Velit dolor sint recusandae possimus autem placeat.
474	228	10	1	Occaecati in officiis cum quasi suscipit debitis.
475	983	381	2	Possimus officiis doloremque quae quidem.
476	25	989	3	Voluptatem et est incidunt natus hic veniam.
477	499	627	4	Ea eos quis porro.
478	806	2	4	Eum laboriosam ipsa excepturi.
479	250	718	3	Blanditiis occaecati natus similique explicabo.
480	783	916	5	Facilis assumenda ad omnis.
481	134	46	3	Nostrum deleniti quis.
482	993	750	2	Distinctio nobis omnis aperiam.
483	489	526	3	Asperiores quasi architecto eius nam sit.
484	86	595	2	Odit qui impedit id magni.
485	903	264	2	Quasi asperiores numquam aut.
486	729	706	2	Exercitationem incidunt quidem rem mollitia eveniet reiciendis.
487	898	702	3	Veniam expedita quod quae dolores quasi unde.
488	225	824	5	Eos quasi error est vero.
489	667	653	4	Cum omnis voluptatem voluptatum accusamus.
490	157	661	3	Magni cum iusto asperiores molestias repellat ullam.
491	459	321	3	Eligendi sed explicabo praesentium error iste.
492	269	851	5	Distinctio quam repellat sequi.
493	781	389	2	Ipsam totam laboriosam necessitatibus.
494	251	570	3	Fugit autem minus.
495	851	986	5	Reiciendis provident doloribus reprehenderit.
496	356	367	4	Nostrum quo quos numquam.
497	168	45	4	Perferendis ducimus deleniti nobis itaque inventore.
498	573	453	5	Vero deleniti similique veritatis ut molestiae rerum quam.
499	160	506	1	Amet saepe odio a libero eum.
500	234	233	5	Nostrum dicta repellendus nostrum.
501	584	219	5	Rem sed voluptate possimus maiores saepe repudiandae nesciunt.
502	111	119	4	Quia rem quas enim magnam dolore.
503	425	77	1	Dolores corporis dolorum.
504	444	664	4	Aliquam dolorem fuga porro.
505	165	855	1	Distinctio praesentium repellat itaque maxime iste.
506	852	159	4	Odio aspernatur impedit asperiores repellendus qui.
507	169	707	4	Doloremque possimus mollitia dolore ullam vero quae.
508	437	855	3	Fugit optio accusamus earum facere.
509	181	997	3	Perspiciatis nisi laboriosam tempora sed sed ratione.
510	960	804	5	Omnis eveniet tenetur eligendi itaque nam magni.
511	703	445	3	Quia corporis facilis delectus officiis quibusdam.
512	734	429	1	A impedit dolorum expedita iste.
513	549	864	5	Tenetur praesentium cumque quis cumque inventore earum.
514	692	793	3	Hic eius fugiat eum.
515	509	713	2	Assumenda veritatis animi soluta.
516	441	155	2	Ex quae molestiae doloribus aut ex qui.
517	773	148	5	Adipisci maiores in quisquam excepturi aperiam eum.
518	375	415	4	Deserunt veniam sequi ea quae.
519	952	684	3	Aperiam officia odit eum perferendis.
520	610	430	2	Quas esse ipsum quo nobis repudiandae reiciendis aliquam.
521	498	167	1	Accusantium sit provident suscipit ea animi.
522	148	706	4	Deserunt sed alias quos reprehenderit exercitationem facilis.
523	195	184	2	Eveniet corrupti quis fugiat architecto necessitatibus.
524	645	969	3	Quo est eius dignissimos delectus quidem architecto.
525	667	762	2	Natus dolorum laboriosam veritatis aperiam.
526	87	347	5	Sint temporibus perspiciatis modi praesentium blanditiis.
527	916	390	5	Corporis perferendis ea tempora.
528	343	446	3	Distinctio rerum soluta.
529	584	61	3	Error quidem cumque esse aliquam quam provident quam.
530	842	838	3	Sequi recusandae cupiditate dolores aspernatur.
531	732	520	3	Et eos similique maxime.
532	212	678	4	Sapiente adipisci culpa sapiente.
533	807	197	2	Quisquam ipsum aliquam maiores doloremque.
534	251	655	5	Dolor aspernatur eos eveniet neque eligendi saepe.
535	862	362	5	Perspiciatis corporis labore asperiores id.
536	455	755	1	Quibusdam possimus itaque nesciunt provident dolorem rerum.
537	699	847	3	Libero nulla excepturi omnis.
538	804	492	1	Similique voluptatibus necessitatibus excepturi ab aperiam.
539	372	919	1	Dignissimos totam atque corporis.
540	723	410	4	Delectus odio incidunt debitis.
541	770	569	4	Animi illo exercitationem tenetur.
542	631	435	2	Labore ex debitis debitis odio ea.
543	261	630	4	Quo harum occaecati.
544	776	597	2	Veritatis consequuntur laborum eligendi fugit architecto.
545	970	84	3	Cupiditate distinctio blanditiis excepturi et.
546	611	759	3	Nulla officia voluptate possimus exercitationem.
547	881	312	4	Explicabo sit earum culpa qui eaque perferendis.
548	303	245	5	Voluptatum esse dicta sint eum eligendi doloribus.
549	118	393	4	Veritatis explicabo unde laboriosam excepturi quisquam tempore.
550	865	599	5	Odit quisquam incidunt fuga esse.
551	137	912	5	Dolor aut minus porro dolorum perferendis.
552	34	264	4	Consequuntur vel sapiente assumenda.
553	688	641	1	Velit sed eligendi ratione aperiam officia.
554	154	44	5	Nobis earum sunt ut tenetur.
555	684	826	4	Ab exercitationem reprehenderit architecto error officiis amet.
556	363	284	5	Doloribus magni id accusantium voluptate id qui consequatur.
557	985	461	2	Doloribus aperiam velit ad est.
558	669	43	2	Aliquid animi cupiditate consequuntur.
559	499	462	3	Iure veniam fugit dicta id id dolorem corrupti.
560	477	164	3	Doloribus animi aut occaecati autem cumque quis.
561	865	455	2	Voluptate itaque autem aperiam harum atque soluta.
562	129	426	2	Quae architecto tempora architecto sapiente consectetur.
563	833	826	5	Odio alias amet neque consequatur.
564	756	390	4	Non earum occaecati debitis.
565	196	868	4	Ex nihil harum dignissimos.
566	390	142	4	Harum beatae quasi consequuntur velit nemo tenetur.
567	702	794	2	Quia pariatur error aut.
568	628	284	4	Numquam officiis culpa occaecati sit explicabo.
569	721	46	2	Voluptate et laborum.
570	728	817	4	Culpa minima beatae incidunt.
571	223	550	4	Doloribus dolore ratione nulla autem sequi asperiores quod.
572	510	422	1	Ut ea distinctio explicabo eum.
573	949	591	4	Nemo ut non vel.
574	986	852	1	Occaecati ipsum praesentium asperiores incidunt.
575	564	143	2	Numquam libero est eaque.
576	335	731	4	Similique error impedit officia dolorum.
577	624	876	1	Reiciendis ab voluptas illum.
578	711	405	2	Similique incidunt inventore quos nulla non.
579	650	52	3	Nam ipsum dolorum sapiente hic tempore molestiae maiores.
580	650	46	1	Cum quos asperiores libero.
581	67	949	2	Perferendis consequatur magni ratione fugiat nemo eos illo.
582	426	766	3	Placeat voluptatem officiis sed.
583	729	934	5	Deleniti voluptatum totam molestias.
584	916	393	1	Nobis odio quos molestias illum nihil.
585	359	597	2	Tenetur hic doloribus incidunt tempora commodi labore.
586	502	404	5	Eum id deleniti ea beatae ipsam doloribus in.
587	148	898	4	Veritatis quidem quia sequi veniam harum architecto.
588	696	743	2	Sunt possimus molestias quo at laudantium temporibus.
589	414	740	1	Enim rem deserunt culpa expedita natus hic saepe.
590	7	937	5	Sapiente quisquam molestias aperiam saepe aut.
591	98	613	4	Eos delectus nisi culpa nulla.
592	941	582	5	Quae eveniet veniam ducimus totam voluptatem voluptates.
593	387	199	1	Rem beatae eius nobis distinctio facilis ipsa perspiciatis.
594	939	533	1	Aut exercitationem nisi ad facere quod dolorum.
595	64	572	1	Expedita voluptate porro sunt blanditiis.
596	83	872	5	Optio labore adipisci rem fugiat voluptate exercitationem.
597	689	138	2	Numquam iusto cum recusandae.
598	928	898	2	Esse unde facere rerum libero.
599	745	892	2	Eos labore officiis similique recusandae corrupti dolores pariatur.
600	913	489	1	Doloribus corporis veritatis aut nisi natus natus.
601	59	793	3	Voluptates nisi optio inventore quis sed rerum.
602	813	765	4	Animi sed suscipit.
603	227	787	3	Dignissimos accusamus aliquid ex aut vitae.
604	958	256	1	Tenetur repudiandae molestiae nulla ratione dicta.
605	492	67	4	Esse minima pariatur.
606	362	76	3	Laudantium fuga consectetur aperiam tenetur.
607	29	58	3	Iste exercitationem totam aliquid eum minima.
608	470	771	3	Facilis delectus quam.
609	398	329	3	Qui cumque optio.
610	20	665	3	Enim beatae qui accusamus.
611	175	153	4	Quam ut aliquam aliquam ad cupiditate qui est.
612	918	994	5	Sit ex modi nam ut.
613	9	504	1	Pariatur deserunt eaque assumenda animi temporibus nobis nihil.
614	173	233	5	Sed voluptatem doloribus iure est porro.
615	254	431	5	Quidem vero laborum minima veniam qui.
616	672	319	3	Minima nemo totam aliquam et laborum.
617	602	59	3	Placeat beatae tempore numquam quaerat nisi hic.
618	163	301	2	Similique voluptatum similique.
619	701	628	4	Itaque tempore cupiditate tenetur nostrum sit voluptate.
620	471	365	5	Dolores occaecati atque praesentium.
621	209	711	3	Praesentium voluptatem magni labore.
622	778	864	1	Laborum repudiandae qui blanditiis itaque.
623	129	320	1	Deleniti magnam ad officia nam libero.
624	294	570	5	Suscipit deserunt repudiandae quaerat error totam.
625	850	675	1	Odit adipisci voluptatum.
626	551	515	2	Excepturi ratione distinctio.
627	245	138	3	Commodi facere a tempore officia aut.
628	796	997	4	Sequi enim minus consequatur itaque unde.
629	19	866	1	Sit fugit maxime tempora.
630	393	799	3	Repellat praesentium debitis voluptatem expedita assumenda.
631	181	961	5	Unde praesentium totam aliquid enim neque.
632	192	672	4	Consequatur quisquam fugiat quae cum quae eius.
633	475	455	5	Aliquam voluptatibus laboriosam voluptates voluptate cum aperiam.
634	67	768	5	Nesciunt minus modi ducimus.
635	945	432	4	At quam voluptates voluptates reiciendis inventore.
636	456	419	4	Aliquid dolorum sapiente pariatur ducimus.
637	266	674	1	Nostrum vero amet nam.
638	128	796	4	Praesentium exercitationem iusto sapiente ducimus.
639	542	977	3	Aliquam quis est nulla nobis sit.
640	782	128	1	Veniam nulla ipsa voluptatum provident illo.
641	35	608	3	Assumenda veniam veritatis.
642	2	705	4	Sunt in quas excepturi voluptates voluptatum.
643	952	625	3	Eius necessitatibus amet asperiores.
644	255	615	2	Totam sed reiciendis.
645	480	263	1	Alias incidunt qui amet nihil fuga.
646	516	175	5	In itaque minus porro accusantium in nam.
647	722	900	2	Tempora voluptatum magnam quisquam.
648	633	782	5	Reprehenderit ut itaque.
649	978	415	2	Repellat minus commodi.
650	233	652	4	Voluptatem est assumenda similique perferendis.
651	509	418	3	At occaecati id perferendis.
652	841	211	5	Dolorum dolor reiciendis exercitationem aliquam magni id.
653	836	797	5	Laudantium veniam iusto officiis ipsa doloremque architecto.
654	6	373	4	Impedit debitis quibusdam iste beatae.
655	992	292	1	Alias voluptatum praesentium deserunt ab.
656	809	577	3	Facere soluta aliquam modi.
657	132	135	5	Atque totam dolore.
658	374	61	2	Sunt expedita fugit quasi sequi provident nulla.
659	87	525	2	Expedita maxime at quod illum est molestias.
660	665	601	2	Blanditiis ipsum odit ullam maxime maiores.
661	598	242	1	Nam fuga quidem error saepe.
662	502	257	1	Impedit reprehenderit nam qui esse hic itaque cumque.
663	819	197	5	Sint sequi in veritatis facere atque.
664	590	701	4	Suscipit et atque quis ab ut.
665	106	586	4	Illum rem nisi fugit debitis.
666	482	567	1	Quos ullam tempora tempora temporibus aperiam voluptatum.
667	67	753	5	Nulla officiis ad ab.
668	91	684	3	Odio quidem in quod.
669	795	940	3	Quod beatae incidunt quo voluptatum repellendus aspernatur.
670	532	22	3	Ullam quia nostrum modi.
671	31	587	2	Deserunt labore earum sapiente praesentium earum similique.
672	144	916	4	Earum recusandae ipsam quod rem non.
673	682	874	5	Debitis in iusto quis laboriosam tenetur.
674	743	425	5	Alias dolores exercitationem voluptatibus voluptatum.
675	260	155	2	Praesentium quod quos reprehenderit.
676	654	936	5	Numquam minima atque aliquid labore excepturi consectetur.
677	206	241	1	Earum fugiat molestiae nulla accusamus.
678	92	270	1	Reprehenderit placeat quasi dignissimos.
679	20	309	2	Cumque quibusdam quidem ex illum impedit pariatur.
680	232	883	3	Quidem quidem maiores tempore ab.
681	638	317	4	Reiciendis doloremque laudantium quisquam.
682	372	714	2	Cum maiores repellat illum itaque recusandae qui.
683	83	113	5	Eius iure numquam quas dicta sequi a.
684	658	167	1	Atque voluptatem consequuntur facere est.
685	360	932	5	Impedit mollitia illum molestias dolore similique molestiae doloribus.
686	774	350	5	Totam veniam quidem inventore veritatis et.
687	111	753	5	Perferendis autem deleniti omnis nostrum.
688	582	987	1	Eius molestias illo maiores atque perferendis natus.
689	767	355	4	Iste aperiam incidunt quam velit quia eaque.
690	581	398	4	Dolor magni officia iure veritatis.
691	550	932	3	Ea temporibus nihil temporibus odio magni.
692	617	905	5	Officiis voluptate et numquam mollitia ipsum voluptate.
693	702	146	4	Quibusdam optio ut quasi veniam animi.
694	287	164	2	Dicta ipsa odio sit dolor.
695	865	225	1	Odio officiis ex asperiores quidem doloremque eum consectetur.
696	230	559	1	Unde reiciendis consectetur mollitia eius excepturi quis.
697	221	275	4	Sed asperiores sunt qui accusantium ut totam cumque.
698	512	679	4	Officia quam mollitia at atque quisquam.
699	955	603	3	Eum id ut voluptates culpa nulla.
700	309	229	4	Eveniet optio cupiditate rem iusto tempora cumque.
701	742	389	4	Ipsam totam consectetur modi.
702	867	270	3	Totam illum officiis rem dolorum mollitia minus.
703	255	244	2	Voluptas incidunt optio autem quia tempora dolores minus.
704	929	978	2	Sapiente dolorem libero consectetur.
705	962	888	2	Earum natus assumenda perspiciatis.
706	375	140	1	Dolore quos quos.
707	889	625	1	Molestias ullam iure dolores aut hic consectetur.
708	459	566	4	Quibusdam illo quae dolorem.
709	192	890	4	Illo quae ipsam architecto adipisci blanditiis praesentium.
710	701	326	2	A ratione vero aperiam ratione ipsa enim.
711	931	83	3	Sint vitae doloremque illo minus sed.
712	526	843	4	Ullam rerum temporibus dolores quam.
713	774	800	1	Illo commodi autem omnis.
714	387	211	5	Placeat necessitatibus qui dicta nemo qui.
715	841	242	2	Corporis quod iure voluptatum voluptate atque animi.
716	894	495	3	Possimus rerum quae sit ex.
717	230	901	2	Excepturi repudiandae aut tenetur.
718	944	945	2	Numquam ab doloribus facere.
719	807	219	1	Tempore dolore fuga cum aspernatur.
720	564	817	4	Temporibus nobis iusto inventore maxime consequuntur fuga eum.
721	873	868	4	Distinctio adipisci tenetur pariatur deserunt.
722	398	255	2	Animi aspernatur dignissimos eveniet inventore fuga molestiae.
723	825	116	5	Tenetur blanditiis aperiam eius placeat quis.
724	555	616	5	Eveniet ullam voluptatibus exercitationem architecto beatae.
725	16	326	1	Recusandae dolorem illum ullam minima.
726	934	114	4	Tempora minima dolorum.
727	218	607	5	Dolore vero assumenda eligendi ipsum.
728	466	589	3	Ad quam iste rem esse rem.
729	175	108	4	Nam dicta non facere sequi labore eum.
730	93	436	3	Ab architecto error.
731	723	432	2	Ratione explicabo repudiandae.
732	73	810	5	Consectetur reprehenderit saepe.
733	60	526	2	Maxime animi ducimus dolores tenetur eum cum.
734	417	21	5	Nihil vitae eligendi corrupti temporibus.
735	51	140	4	Accusantium aliquam error veniam eius impedit.
736	467	758	2	Dolorem magni eius fugiat.
737	887	775	3	Explicabo optio eius aut debitis dignissimos voluptatem autem.
738	837	443	4	Nemo vel dignissimos id magnam porro reiciendis.
739	542	593	5	Autem recusandae soluta cum necessitatibus quidem quidem et.
740	935	726	2	Accusamus nobis dolore natus sunt aliquam quidem.
741	284	104	1	Accusantium voluptatem dicta praesentium assumenda repellendus architecto suscipit.
742	523	959	2	Nemo dolores sit quo quis autem.
743	556	960	1	Eum beatae ex ea quas.
744	230	242	1	Blanditiis repellendus perferendis eius labore delectus cupiditate.
745	25	104	3	Modi maxime alias quis.
746	126	30	4	Optio dicta dignissimos.
747	755	816	5	Nisi commodi eaque voluptate.
748	656	51	1	Quis non nesciunt.
749	344	777	4	Ducimus explicabo dolorem dicta ratione assumenda tempore ipsa.
750	499	958	5	Eos inventore ipsa.
751	94	422	2	Quaerat accusantium ullam accusantium.
752	813	461	5	Nostrum repellendus sit aperiam modi.
753	729	526	5	Nostrum a iure amet itaque itaque sit.
754	388	180	4	Quis eligendi harum.
755	350	785	5	Quasi quasi modi accusamus atque.
756	278	239	4	Debitis nemo nemo.
757	480	935	1	Tempore harum ratione perferendis reprehenderit laborum.
758	72	472	1	Dolorum dolor officia esse.
759	553	56	4	Ipsum vitae in nam voluptates.
760	109	272	4	Possimus vitae architecto rerum omnis impedit debitis.
761	317	780	4	Officiis nihil optio rem nihil quis.
762	860	138	5	Eum architecto eveniet explicabo corrupti debitis suscipit.
763	396	199	1	Tenetur autem unde adipisci.
764	87	771	2	Dolore repellat occaecati repudiandae.
765	217	316	1	Dolore nobis quia voluptas esse.
766	759	990	4	Reprehenderit doloribus ullam nihil temporibus.
767	136	422	3	Doloribus repellendus doloremque dicta ipsa consequuntur odio eius.
768	141	146	4	Adipisci tenetur tempore quasi sunt corporis.
769	817	960	2	Soluta velit voluptas placeat temporibus.
770	828	548	2	Quibusdam ad distinctio quibusdam alias vero.
771	885	567	2	Debitis sunt sapiente.
772	941	299	3	Et eius reiciendis quis quae.
773	591	434	5	Enim veritatis iusto adipisci repellendus.
774	799	534	1	Cumque quis sunt aliquam minus.
775	842	866	4	Temporibus saepe consectetur nesciunt quis.
776	257	345	5	Dignissimos iusto voluptatibus rerum non minus.
777	207	536	2	Quod earum optio ratione iste nesciunt.
778	991	627	5	Sequi quos officia expedita accusantium.
779	967	836	3	Incidunt aut consectetur commodi deserunt atque reprehenderit iure.
780	371	756	1	Nulla occaecati quasi numquam tenetur.
781	392	633	4	Asperiores rerum tempora asperiores minus.
782	759	781	5	Pariatur iure quia accusamus voluptatibus architecto quidem.
783	128	563	4	Animi nihil facilis omnis architecto voluptatum laborum.
784	35	63	1	Optio natus voluptatibus maxime.
785	25	654	4	Sunt officia hic beatae.
786	714	335	3	Similique officiis ab vel repudiandae voluptas suscipit voluptatum.
787	586	532	4	Autem dignissimos ducimus eum repellendus repellat maiores.
788	513	513	5	Rem fuga ipsam laboriosam incidunt.
789	424	331	4	Possimus quam illum in dolorum.
790	233	218	1	Esse nostrum aut rem dolor ipsum eum.
791	248	72	3	Laudantium ab repellat sed beatae.
792	392	431	3	Magni perferendis dolores ex sint.
793	686	473	4	Quia delectus quidem cumque.
794	839	6	1	Deleniti est eos quaerat dolor cupiditate nihil.
795	589	229	5	Explicabo iure totam facere porro.
796	916	64	4	Odio tenetur molestias.
797	83	287	5	Recusandae neque iste reprehenderit dolor asperiores delectus.
798	787	358	1	Placeat enim cupiditate deleniti consectetur exercitationem tempore.
799	630	678	5	Reprehenderit velit a necessitatibus voluptate maiores.
800	419	309	4	Atque fuga praesentium vel.
801	755	597	1	Reiciendis totam harum ipsam fugit mollitia repellat quibusdam.
802	437	651	5	Aut provident magnam repellat facilis cupiditate.
803	686	103	3	Provident nostrum deserunt velit.
804	639	123	5	Nisi aut eligendi iure.
805	721	769	2	Numquam inventore laboriosam molestias.
806	829	30	5	Illo eligendi culpa quod vitae doloribus quam.
807	121	170	1	Repellat tempore dicta placeat corporis vitae.
808	721	984	3	Sequi assumenda corrupti dolor.
809	979	178	4	Aut animi fuga asperiores ex.
810	182	338	5	Qui accusantium commodi perspiciatis ad itaque.
811	28	164	4	Eveniet neque deserunt dicta odit et veritatis.
812	13	813	4	Accusantium tenetur minus tenetur.
813	231	684	1	Recusandae architecto exercitationem quibusdam debitis nesciunt.
814	241	739	1	Odio enim quia temporibus.
815	603	341	3	Aperiam natus laudantium ab ducimus ullam nostrum.
816	350	895	3	Officia modi eligendi.
817	878	591	2	Voluptates esse error nobis quos.
818	800	81	3	Commodi sequi nisi nulla nobis a nam.
819	263	900	1	Ut libero assumenda minus.
820	977	256	1	Dolores natus dicta nesciunt animi aliquid dignissimos.
821	835	63	5	Sint doloremque neque eligendi nesciunt voluptates adipisci ullam.
822	318	1	1	Fuga debitis aliquam ut voluptatibus.
823	404	680	5	Tempore quos corporis aspernatur iste molestiae.
824	450	767	5	Repellendus dignissimos minus nobis provident vel.
825	354	828	1	Veritatis dolores velit laborum quidem.
826	199	677	2	Sunt veniam non quaerat nemo dignissimos.
827	899	951	4	Modi laboriosam dicta nam.
828	285	478	3	Nulla numquam optio.
829	797	938	3	Repellendus beatae ducimus.
830	899	409	1	Laudantium asperiores consectetur aliquam architecto quibusdam eius deleniti.
831	161	379	1	Et in voluptatibus.
832	525	371	3	Aperiam distinctio doloribus numquam veniam aliquid aliquam.
833	355	846	2	Debitis voluptas quos nisi autem soluta aperiam.
834	409	207	2	Nulla illo amet doloremque.
835	348	165	5	Sapiente ea occaecati sed eveniet mollitia.
836	99	55	1	Modi eos omnis corrupti tempora rem enim dignissimos.
837	228	799	2	Nemo eligendi fugiat repellendus dolores.
838	83	744	2	Excepturi sit non illo ea omnis.
839	443	747	1	Sit beatae quidem perspiciatis praesentium atque ea.
840	577	267	4	Libero a iure officiis.
841	851	412	4	Assumenda animi harum rem quibusdam ea et.
842	355	159	2	Maiores nam pariatur quisquam deserunt recusandae modi.
843	725	975	1	Molestiae sit deleniti doloribus.
844	795	369	3	Quas saepe voluptatem quae.
845	976	648	3	Maiores sapiente eaque voluptas tempore.
846	851	911	1	Enim dicta odit occaecati voluptates illo praesentium totam.
847	594	590	3	Laboriosam quam quos porro quae itaque.
848	312	490	3	Necessitatibus nesciunt laudantium nesciunt fugiat dicta et.
849	158	269	4	Dolorem saepe aliquam numquam distinctio accusantium.
850	164	363	1	Adipisci in totam totam quos nam.
851	678	105	5	Optio iure ipsum maiores aut.
852	510	198	3	Architecto expedita adipisci fuga quibusdam veniam.
853	592	869	2	Similique iste sed aliquam nesciunt nobis.
854	153	450	4	Eum eius ex nulla hic quia sint ut.
855	90	374	1	Accusamus tempora cumque.
856	898	903	3	Temporibus tempora provident ratione voluptatibus architecto minima optio.
857	637	200	1	Officiis laudantium voluptas architecto.
858	146	60	2	Eum neque quaerat ab quasi modi dolore.
859	753	581	1	Minus unde cupiditate eveniet blanditiis necessitatibus.
860	635	751	1	Architecto quibusdam nihil blanditiis.
861	405	352	1	Assumenda animi architecto.
862	63	464	3	Quis quisquam mollitia architecto beatae asperiores.
863	993	293	1	Beatae maxime eaque voluptatem.
864	705	990	4	Eum dolore veritatis non molestiae consectetur repellendus illum.
865	323	950	2	Quasi quaerat cum consequuntur aliquam quo sapiente.
866	107	677	3	Dolorum natus ut hic.
867	838	334	4	Sunt itaque iure quas iste neque.
868	670	540	1	Sequi enim impedit quos fugiat aliquam.
869	829	186	2	Distinctio aliquam eveniet amet.
870	35	537	4	Quod veniam earum.
871	821	551	4	Odit quo at voluptates placeat doloribus.
872	383	558	2	Inventore consequatur aliquam illum ut inventore ullam aliquid.
873	605	610	5	Maxime asperiores itaque.
874	357	394	5	Laudantium nisi porro saepe tenetur molestias natus.
875	929	144	1	Harum tempora maxime voluptates.
876	915	874	2	Voluptas cumque hic quod omnis nostrum.
877	832	471	1	Quod harum deserunt amet.
878	449	429	5	Reiciendis ducimus repellat minus perferendis sunt.
879	679	668	1	Accusamus suscipit aliquid itaque magni.
880	488	898	4	Nemo dolores nulla ad voluptatibus dicta minus itaque.
881	910	602	3	Quae repudiandae possimus nam ullam eius laudantium.
882	791	910	1	Vero eveniet odit numquam quisquam accusantium ratione.
883	495	303	1	A suscipit nulla cumque consequatur.
884	849	739	4	Non asperiores laborum omnis suscipit repellat.
885	909	370	4	Libero necessitatibus mollitia soluta occaecati.
886	437	563	3	Dolorum reprehenderit atque praesentium veritatis.
887	671	334	5	Veritatis quam reprehenderit perspiciatis error deleniti incidunt voluptas.
888	683	553	3	Nisi laboriosam repudiandae id iure.
889	607	606	4	Quibusdam dolores doloremque delectus.
890	522	694	3	Quas distinctio illum sequi ea occaecati.
891	368	775	1	Molestiae distinctio qui inventore recusandae eum at.
892	891	215	4	Voluptates veritatis facilis nulla.
893	762	598	4	Iure nulla exercitationem incidunt.
894	324	970	3	Voluptatibus explicabo ipsam accusantium molestiae.
895	609	947	5	Quasi excepturi ullam velit soluta eum optio.
896	29	857	4	Optio aliquam quod sed.
897	904	552	5	Delectus incidunt fugiat.
898	549	186	3	Earum placeat harum ut.
899	797	198	4	Dolore quis iusto at a id qui excepturi.
900	489	126	2	Fugiat est numquam reiciendis accusantium ipsa vel.
901	394	994	1	Voluptates ab ab quia non dicta soluta.
902	730	709	2	Fuga dolor sed maiores quaerat eligendi magni.
903	458	187	3	Perferendis consequatur voluptatibus ipsum.
904	330	957	5	Facilis maiores facere nam ipsam dicta.
905	11	303	2	Error dolorem corrupti inventore non ut veniam magnam.
906	445	386	2	Temporibus ex voluptatum repellendus quos vero.
907	462	234	4	Error ex repellendus accusantium praesentium eum ab.
908	120	189	2	Cum quisquam dicta.
909	685	876	5	Numquam occaecati molestiae est provident labore dolor similique.
910	677	451	4	Ex magnam enim soluta libero.
911	353	291	1	Nostrum rem ullam repudiandae.
912	118	907	3	Voluptates delectus necessitatibus voluptatibus quam eos.
913	192	34	1	Nihil quia quae ea cumque.
914	822	360	4	Laborum perferendis dolor eum.
915	40	172	3	Ipsam dicta ipsum.
916	623	119	2	Suscipit eaque eos illo ab soluta at.
917	284	218	2	Quas minima minima culpa.
918	931	28	4	Quibusdam dolores nesciunt quo dolores.
919	98	442	5	Animi in sequi deserunt neque.
920	522	312	2	Quisquam consectetur veritatis ratione sequi magni.
921	161	457	5	Illum nisi fugiat nostrum harum cumque magni iusto.
922	891	617	1	Sunt voluptatum nulla nemo a.
923	624	299	3	Culpa autem laborum voluptas perspiciatis amet.
924	736	688	1	Vel culpa recusandae reprehenderit facere.
925	827	751	4	Repellendus odit totam laboriosam asperiores.
926	503	506	3	Nesciunt voluptate recusandae ex.
927	16	417	1	Temporibus fugit repudiandae.
928	882	722	2	Tenetur nostrum nostrum vitae vitae quas.
929	514	648	1	Fugiat quaerat assumenda repellendus possimus.
930	896	992	3	Amet sint tenetur veniam nemo blanditiis atque.
931	363	418	5	Laboriosam a atque pariatur dolore quam.
932	550	723	1	Molestiae dolor facere velit debitis.
933	71	712	2	Assumenda error facere quidem.
934	342	210	2	Odit reprehenderit quidem consectetur libero.
935	91	275	1	Aperiam illum sapiente.
936	219	212	1	Neque officia exercitationem.
937	149	280	3	Tempora sint facere autem blanditiis.
938	959	914	3	Repellat quisquam officiis atque sapiente ducimus sequi.
939	312	635	4	Quasi consectetur dolore odio.
940	162	762	4	Debitis commodi minima exercitationem.
941	766	577	2	Possimus incidunt animi accusantium illum officia quaerat.
942	364	810	4	Omnis neque ducimus reprehenderit magnam repellendus enim.
943	902	98	3	Vel cumque quibusdam commodi dignissimos eaque sapiente minima.
944	469	981	4	Natus asperiores praesentium error.
945	278	233	2	Odio voluptatibus eligendi autem asperiores nihil.
946	895	581	3	Consequuntur dolores sunt perspiciatis ipsum facilis et.
947	128	850	2	Excepturi eos culpa quo.
948	757	470	2	Iusto corporis placeat illum pariatur quidem recusandae.
949	234	729	5	Adipisci quia iusto dolorum deserunt.
950	512	282	5	Delectus ratione excepturi possimus corrupti.
951	122	454	1	Nisi laudantium accusamus architecto quidem illum aliquid.
952	293	84	4	Corrupti excepturi esse voluptas.
953	999	496	2	Asperiores cum natus.
954	12	855	4	Placeat explicabo amet unde omnis perferendis ducimus possimus.
955	780	1	1	In ex vel inventore.
956	990	791	3	Magnam inventore occaecati dolorem.
957	213	230	3	Aperiam repudiandae qui delectus dicta.
958	552	979	2	Velit iste quasi accusantium laborum.
959	378	713	4	Dolorum sapiente vitae alias.
960	613	835	2	Illo commodi in excepturi dolor.
961	351	949	2	Tempore labore minima voluptatibus illum.
962	992	940	2	Autem nostrum commodi cupiditate iusto maxime blanditiis.
963	725	159	1	Veritatis nihil officia illo iste autem.
964	837	971	4	Excepturi provident expedita laboriosam.
965	329	612	3	Eveniet tenetur dolore rerum.
966	545	129	4	Iste deserunt porro optio nobis quod a.
967	622	728	5	Vero repellat voluptates.
968	385	486	2	Mollitia non enim natus commodi iusto molestias.
969	283	182	4	Excepturi dignissimos ab.
970	280	266	5	Illo necessitatibus occaecati quo.
971	368	149	4	Soluta repudiandae delectus aspernatur.
972	495	774	4	Eveniet blanditiis quae.
973	384	947	4	Quod est temporibus consectetur inventore ipsa dolores.
974	397	101	3	Velit possimus vel maiores inventore neque tempora.
975	885	883	5	Dolor architecto praesentium atque architecto saepe culpa.
976	513	92	1	Perferendis tempore eum aperiam.
977	205	367	1	Adipisci in quae pariatur aspernatur enim at.
978	622	87	1	Sapiente eum nostrum quos voluptates itaque.
979	682	363	5	Non mollitia iusto possimus.
980	955	797	4	Numquam veritatis enim perspiciatis sequi.
981	78	590	5	Accusamus nemo facere libero delectus.
982	785	792	3	Facere soluta eligendi nobis adipisci labore tempore.
983	334	338	3	Nemo voluptates rerum commodi et maiores.
984	431	730	3	Aut dicta odio atque accusantium optio optio.
985	155	729	4	Autem ducimus magni vel.
986	334	711	5	Eius id veniam ducimus saepe officiis laborum.
987	533	491	2	Eum eius blanditiis aut.
988	536	290	1	Harum id consectetur aut delectus.
989	256	737	1	Sed quasi ad quos totam sint odit.
990	697	91	5	Quod aut excepturi perferendis veritatis iure.
991	203	220	1	Quis expedita tempore quaerat eos.
992	665	650	1	Sed reiciendis saepe dignissimos.
993	374	174	3	Eligendi expedita sit.
994	140	779	3	Quia facere fugiat tenetur officiis velit iste.
995	490	550	5	Repudiandae laboriosam reprehenderit doloremque asperiores ullam.
996	564	966	3	Eveniet ipsa eveniet cum sit.
997	936	252	5	Facilis quo aliquid perferendis.
998	175	802	3	Alias nemo sit earum dolore a cum.
999	191	546	4	Aut quia atque exercitationem laboriosam molestias ipsa deleniti.
1000	395	708	5	Impedit vero ratione facilis omnis quam.
\.


--
-- Data for Name: users; Type: TABLE DATA; Schema: public; Owner: Christian_Cazorla
--

COPY public.users (user_id, name, email, created_at) FROM stdin;
1	Juan Pablo Prat Figuerola	huguetfederico@hotmail.com	2020-02-15 10:56:06
2	Arturo Múñiz Pardo	federico00@gmail.com	2024-07-01 15:39:22
3	Andrea Cid-Morcillo	hsalazar@valenzuela.es	2024-04-26 12:35:48
4	Fulgencio de Calderón	arinotomasa@hotmail.com	2023-03-03 02:27:57
5	Nicodemo Río Porras	marcial05@hotmail.com	2024-04-05 03:20:24
6	Adriana Carmona Vilar	ocerro@urena.org	2022-07-03 10:23:30
7	Gabriela Amaya Batalla	vtrillo@linares.com	2021-03-21 00:18:19
8	Martín Viñas Calleja	olivanando@villalobos.com	2020-04-18 21:35:45
9	Anselmo Serna Criado	marcelino10@bou.com	2024-11-11 00:55:46
10	Edgardo Prieto	puigmaria-luisa@pelayo-ferrando.com	2021-05-06 03:43:04
11	Ainoa Prada Gallego	victorquintero@hotmail.com	2020-06-28 10:03:00
12	Reinaldo Baquero Bilbao	lamasodalys@barco-castrillo.com	2022-11-01 02:31:39
13	Clímaco Ezequiel Mayol Sans	manuelarevalo@hotmail.com	2022-01-06 09:02:37
14	Renato Oliver Varela	luis00@barcelo.es	2020-07-15 18:31:00
15	Débora Font Pozuelo	noe75@hotmail.com	2021-04-07 08:25:07
16	Julián Faustino Arribas Coello	peralesramona@bejarano.com	2021-04-18 05:47:47
17	Plinio Barrios Pareja	tiradobenjamin@aguado-bermudez.net	2025-02-14 05:17:09
18	Belén de Saldaña	renevalenciano@tapia.net	2021-02-24 22:51:24
19	Íngrid Revilla Giralt	nilda48@berenguer.net	2023-10-31 15:46:36
20	Valeria Domingo Cornejo	andres-felipe63@carrion-carrillo.es	2024-10-10 21:58:49
21	Fabiana Eva María Duran Valderrama	buendiaflorentina@rocha-montserrat.es	2024-09-06 19:15:19
22	Angelino Arcos	rodolfojuan@gmail.com	2021-11-10 13:27:23
23	Lucila Ruiz Morales	caridad56@jordan.net	2024-01-06 04:16:57
24	Maximiliano Meléndez Acero	pascual95@yahoo.com	2020-03-26 15:38:13
25	José Ángel Soriano Almansa	zegea@casal-cortes.es	2025-07-10 04:18:23
26	Faustino Moliner	mesaalbert@portillo.com	2025-01-07 12:32:35
27	Malena Madrid Exposito	leonormarin@yahoo.com	2024-11-21 03:20:59
28	Gaspar Lope Lorenzo Cañete	agapitoamaya@gmail.com	2025-07-20 11:33:57
29	Amada de Figuerola	rodenasjuan@camino.es	2023-07-18 13:33:26
30	Juan José de Palacios	mireia04@valera.es	2025-05-08 15:52:18
31	Milagros Primitiva Pascual Roldan	victoriano94@yahoo.com	2023-05-22 20:42:16
32	Chuy de Piñeiro	cecilio23@yahoo.com	2021-02-02 00:19:36
33	Manolo Cobos Santamaría	solsonarosalina@yahoo.com	2023-01-27 05:48:05
34	Esther Cardona Medina	abalaguer@nadal-santiago.com	2023-05-26 14:12:12
35	Azahara Rios-Royo	bdiez@gmail.com	2024-02-18 14:44:53
36	Roldán Botella Yáñez	amatleon@davila.com	2023-03-26 23:42:36
37	Carlota Melania Giménez Verdejo	rosalinda35@diaz.com	2020-10-21 09:49:36
38	Úrsula Rodriguez Luna	kpena@yahoo.com	2020-12-09 01:47:25
39	Remigio Benito Medina	capdevilatono@hotmail.com	2021-07-23 03:07:14
40	María Santamaría Tamayo	vasco75@pujol.es	2022-10-21 04:12:17
41	Aitor Zamora Manuel	rbarcelo@gmail.com	2024-02-23 19:05:24
42	Celestina de Villar	pcerezo@carbajo-mayoral.es	2021-04-23 03:39:35
43	Martina Aguilera Marí	huertasamuel@torre-ramos.org	2021-08-31 00:43:34
44	Cipriano Estevez	garcescelso@varela.es	2020-01-29 12:56:12
45	Lino Cobo Trujillo	felicianobenavente@dominguez-pascual.es	2023-10-07 16:33:06
46	Aureliano Roselló Barral	kgonzalo@yahoo.com	2024-01-06 05:13:05
47	Armando Morell Rivas	azucena83@hotmail.com	2022-07-23 21:10:34
48	Lalo Elías Herrera	salmagro@cid.org	2023-03-10 09:59:50
49	Florentina Lasa Cerdá	candelasportillo@yahoo.com	2020-08-03 13:50:17
50	Candela Manuela Alfaro Pinedo	velazquezcintia@zaragoza-grau.com	2024-05-01 23:48:02
51	Dalila Brunilda Hoyos Cózar	illorente@guardiola.com	2022-07-14 02:02:15
52	Eusebia Soria Sureda	daniel60@gmail.com	2024-11-04 21:01:08
53	Humberto Sobrino Santamaria	amilcartenorio@hotmail.com	2021-08-11 12:56:04
54	Eufemia Moraleda Toro	bcanals@roca-marin.net	2024-10-07 17:07:27
55	Miguel Ángel Garzón Ponce	ferreroalonso@gmail.com	2023-10-24 22:38:44
56	Emilia Campoy Losa	andresgerardo@bravo.es	2021-01-22 02:13:56
57	Manuela Moraleda-Casanova	calistomata@sureda.es	2025-05-24 04:27:22
58	Lina del Mancebo	almagroosvaldo@esparza.es	2024-07-19 22:13:17
59	Pío Cazorla Cuesta	viniciobarragan@yahoo.com	2024-12-19 17:03:15
60	Diego Río	maite00@mercader.es	2025-04-26 04:10:03
61	Ariel Espada Lumbreras	nietojordana@yahoo.com	2020-12-25 21:45:26
62	Aránzazu Concha Arcos Dávila	augusto51@losa-guardiola.com	2020-01-18 23:28:43
63	Azucena Planas Asenjo	fernandamartorell@yahoo.com	2025-01-10 12:22:12
64	Jaime Laguna Múgica	aguijarro@boada.es	2020-04-14 01:44:34
65	Wilfredo Blazquez Quesada	arevalojavier@vergara.com	2025-07-25 15:53:31
66	Néstor Álvaro Badía	herminiogras@yahoo.com	2020-12-13 06:57:23
67	Héctor Ballester Niño	antonia42@hotmail.com	2023-06-01 10:26:02
68	Ainara Alcázar Chico	hamigo@bolanos-mata.es	2023-08-08 19:50:18
69	Jordana del Vizcaíno	anita21@luque.es	2022-07-16 16:00:13
70	Olimpia Ródenas	abrahamcoll@rivas.com	2021-10-01 02:05:28
71	Mayte Falcó Fortuny	gaston30@hotmail.com	2022-05-04 08:40:45
72	Patricia Isabela Rosa Bernat	leon35@gmail.com	2022-06-17 13:01:01
73	Ámbar Salvador Montalbán	ntaboada@fuertes-moll.com	2020-10-04 18:48:13
74	David Carbajo Parra	david12@mayo-garay.es	2024-12-08 01:28:02
75	Leyre Sales Quintana	pelayo32@hotmail.com	2020-10-28 13:15:54
76	Lucía Pinto Canet	escolanofelix@yahoo.com	2020-07-05 17:37:52
77	Violeta Aramburu Quevedo	nmillan@yahoo.com	2023-08-28 15:53:00
78	Andrés Felipe Cáceres Ávila	hectorvilanova@yahoo.com	2020-08-04 18:08:04
79	Ceferino Sales Cobos	roxana50@blazquez.com	2020-07-26 01:13:07
80	Benjamín Juan Francisco Bayo Barros	cocakike@gmail.com	2023-05-02 00:04:40
81	Imelda del Enríquez	fpastor@yahoo.com	2022-08-13 15:27:46
82	Candelaria Escudero Fuente	taboadasabina@gmail.com	2020-06-12 00:56:32
83	Iker Planas Sanmartín	judith85@saez-bolanos.com	2024-12-10 09:20:23
84	Matilde Gisbert Prado	victoria44@vila.es	2025-06-25 07:41:51
85	Nacho Lasa Pizarro	ktorrens@moles-pintor.es	2022-12-04 17:51:26
86	Eugenio Blázquez	moracintia@aranda-salvador.com	2024-11-08 09:32:32
87	Cecilia Rozas Bustos	baudelioesteban@gmail.com	2022-04-15 03:30:23
88	Vinicio Garay-Lillo	adelaidamolins@hotmail.com	2024-07-20 20:50:44
89	Rosalía Gomez Tovar	ramonpaulino@aguirre.es	2022-02-18 08:00:43
90	Alexandra Julieta Arcos Martín	esteban52@bayo-bas.es	2023-02-08 05:20:10
91	Samanta Sureda Frutos	hramis@gmail.com	2023-12-11 01:47:42
92	Jennifer Losa Escudero	epifanio52@gmail.com	2020-07-16 06:01:22
93	Severo de Santana	bernardo57@gmail.com	2021-07-06 14:02:17
94	Dan Aragón Morante	gayagertrudis@yahoo.com	2020-10-27 06:25:22
95	Onofre Vidal Valderrama	regina89@grande-martinez.org	2024-06-25 18:50:07
96	Tristán de Blanch	esteralcalde@heredia.es	2021-06-08 14:21:46
97	Darío Sevilla Aranda	bartolome87@yahoo.com	2022-09-24 04:46:08
98	Carmelo del Acosta	tjulian@yahoo.com	2022-10-21 06:05:06
99	Pelayo Naranjo	julianurrutia@gmail.com	2022-05-06 20:14:13
100	Lucio Palomar Uría	natanael74@hotmail.com	2020-05-13 06:16:27
101	Ulises Sacristán Tormo	phernandez@alcalde.net	2025-02-10 19:43:04
102	Abraham Elías Durán Borrego	uribes@maldonado.com	2020-03-06 11:29:38
103	Cayetano Morillo Osuna	mlanda@duran-torrens.es	2024-04-08 23:12:08
104	Reyna Bustos	jcuellar@yahoo.com	2023-03-31 23:34:48
105	Victoriano Catalá Galindo	avilesmayte@gmail.com	2020-02-20 19:27:54
106	Juan Antonio del Sáenz	lucioportero@bolanos.org	2024-05-29 05:26:11
107	Adelia Gimeno García	benjaminfonseca@redondo.org	2024-04-03 03:04:35
108	Luna Lobo Amaya	alvaradoeladio@alfonso.es	2022-01-05 03:50:54
109	Duilio Echevarría Noguera	landajoaquina@sancho-alberto.net	2023-03-14 00:10:40
110	Dani de Grau	mercadernadia@montenegro.com	2022-03-27 21:10:30
111	Conrado Otero Linares	anabel89@yahoo.com	2023-09-06 05:11:27
112	Dulce Aznar Benítez	palomaresgustavo@yahoo.com	2020-08-16 16:07:36
113	Socorro Pol-Gonzalez	umarcos@arias.com	2020-10-31 14:57:10
114	Macaria Díez Arce	eleuterio26@hotmail.com	2022-07-04 00:36:54
115	Venceslás Noé Blázquez Giménez	inocencio39@gmail.com	2022-07-01 01:13:26
116	Marino Sureda Chaves	sabascal@hotmail.com	2022-12-17 16:06:32
117	Cosme Heraclio Pineda Marin	adelia16@saez.es	2024-09-21 14:44:18
118	Graciana Cervera	amarti@huerta.com	2020-07-11 10:48:33
119	Lalo Barrios-Cervantes	valbuenaroberta@ortuno.es	2021-07-28 08:29:22
120	Amor Rovira Frías	martinregina@hotmail.com	2020-11-21 06:21:42
121	Laura Español Ayuso	wduenas@sanjuan-sastre.es	2020-01-26 06:50:12
122	Loida Almagro-Tomas	sporras@gamez.net	2024-09-28 12:50:27
123	Benigno del Castell	pabloteofila@pallares.com	2022-02-17 07:23:53
124	Dan Martinez Moraleda	gcarro@yahoo.com	2024-03-07 03:04:24
125	Rafa Villegas	marta01@crespi.es	2020-08-01 06:53:03
126	Leandra Acuña	prudencia73@gallego.org	2021-11-08 20:43:02
127	Francisca Mora Uría	ialvaro@hotmail.com	2022-10-28 04:00:26
128	Mercedes Torre Muro	talaverapaulina@hotmail.com	2021-04-03 05:01:51
129	Dimas Armando Gonzalez Franch	pepepera@yahoo.com	2021-12-06 07:05:13
130	Óscar Bellido Arellano	sarmientonestor@canas.net	2020-07-30 07:44:06
131	Dorita Eloísa Luna Gallego	userra@gmail.com	2023-11-20 11:58:38
132	Florinda Casal Acuña	samperamada@gmail.com	2022-04-13 14:25:45
133	Blas Granados Agullo	ccano@hotmail.com	2021-06-27 22:43:32
134	Alba Berenguer Barral	jafetaranda@olmo.es	2023-10-25 03:11:32
135	Leopoldo Pedraza	ygiralt@font.com	2021-08-12 13:41:58
136	Isaías Ferrero Palacio	angladamariana@canales-romero.com	2025-03-30 13:43:40
137	Fidela Falcón Trujillo	susanitavillanueva@alonso-aparicio.es	2022-06-15 20:41:32
138	Lalo Rubio Plana	hfalcon@hotmail.com	2024-06-24 23:06:06
139	Judith Aguirre Cerro	llabresvictor@yahoo.com	2022-07-18 03:53:24
140	Haydée de Guzman	hpardo@yahoo.com	2022-08-01 11:31:46
141	Leonor Rios Moll	ruy26@lopez.es	2024-01-07 12:00:58
142	Herberto Roselló Arjona	wdiaz@hotmail.com	2021-05-13 07:21:50
143	Chema Canales Angulo	maricelabermudez@yahoo.com	2023-03-07 05:46:29
144	Salomón Jordá Pagès	fvalentin@yahoo.com	2023-12-06 01:33:11
145	Sigfrido Teo Céspedes Cáceres	chelo13@yahoo.com	2025-07-21 16:17:54
146	Lorenzo Escalona Díez	carmonachucho@hotmail.com	2021-06-06 12:49:11
147	Amarilis Diéguez Suárez	yolandavarela@belmonte-sarmiento.com	2022-12-25 12:00:25
148	Cebrián Perez	carolinapi@gmail.com	2025-06-30 11:14:36
149	Emperatriz Feijoo Barros	wgarrido@hotmail.com	2023-07-06 21:46:07
150	Eusebia Rincón	mugicaanastasia@coloma-querol.org	2022-04-05 20:07:17
151	Evangelina Doménech Reig	calvoblas@gmail.com	2023-08-08 04:55:22
152	Alexandra Morata Alcalá	vinicio05@yahoo.com	2021-05-10 10:34:32
153	Bernarda Tena Murcia	angela03@hotmail.com	2022-08-04 03:03:02
154	Dionisia Palomino Carbonell	xvall@vila.es	2023-12-17 01:12:08
155	José Rocamora Falcó	aabella@yahoo.com	2020-03-04 03:02:12
156	Blas Zabaleta Álvaro	evangelina74@salva.com	2022-08-26 15:19:54
157	Benjamín Morante Baños	pacifica23@hotmail.com	2021-10-29 18:13:39
158	Serafina Bermejo-Barreda	lucaseloisa@pombo-alcaraz.org	2021-02-25 19:06:45
159	Adora Escribano Múgica	bouedu@hotmail.com	2025-06-25 23:32:58
160	Juan José Santos Luján	fernanda28@huertas.com	2022-07-15 22:32:48
161	Edu Baquero-Piñol	josefa33@fabregas-tur.com	2020-05-14 12:45:52
162	Joel de Arnau	gutierreztoni@gmail.com	2024-11-17 05:00:46
163	Petrona Quintanilla Trillo	pia96@yahoo.com	2020-03-27 11:11:58
164	Albina del Carrión	maximilianoballester@sabater-mancebo.org	2022-02-25 11:27:20
165	Clemente Marc Zamora Hervia	riverocurro@palacio.com	2023-10-25 15:40:48
166	Carmen Campos	hcabrero@somoza.es	2020-07-15 16:34:47
167	Julieta Escudero	teodoromoreno@hierro.es	2024-01-12 23:44:25
168	Julián Gracia Cid	ciriaco31@bartolome.com	2020-12-31 15:09:21
169	Florinda Galvez-Garzón	qacuna@gmail.com	2024-05-24 05:25:00
170	Flavio Múñiz	norbertoamores@garrido.org	2024-10-04 09:49:01
171	Arturo Nicolau	tpenalver@gmail.com	2021-10-14 00:25:47
172	Julie Casals Giner	msoriano@acedo-losada.org	2020-08-12 05:37:38
173	Ariel Pineda Calzada	qpazos@ballester.org	2022-10-24 12:23:42
174	Hermenegildo Comas Garmendia	nazaretllanos@gmail.com	2024-06-02 03:24:52
175	Cristina Blanch Alemany	paolabarcena@gmail.com	2020-10-16 10:56:45
176	Irene Catalán-Rocamora	lherrero@garate.com	2022-05-17 06:48:58
177	Leandro Tolosa Arellano	ycasanovas@cabanas.com	2022-12-07 17:21:44
178	Loreto Barros Mas	nietovirginia@navarro.com	2025-01-24 19:53:05
179	Ámbar Pedrero Ariza	ttapia@gmail.com	2022-11-08 20:52:21
180	Ciríaco Padilla Granados	jose-mariasalamanca@acevedo-peralta.net	2024-07-02 19:41:36
181	Vasco Meléndez Benet	cecilio55@yahoo.com	2023-07-20 05:49:44
182	Juanita Salvà Peláez	teclaverdugo@talavera.es	2020-03-18 08:46:01
183	Estela Sureda Vaquero	caboelvira@gmail.com	2023-03-13 04:36:19
184	Mamen Enríquez Domingo	bertofuster@gmail.com	2025-02-18 07:30:00
185	Emma Río Pinto	baudelio07@clemente-perello.net	2024-12-28 13:59:44
186	Dolores de Vera	revillavinicio@sureda.com	2023-12-25 13:00:55
187	Salud Pintor Torres	espanolpalmira@espejo-chaparro.es	2021-11-09 18:35:09
188	Jesusa Bonet Maza	sanzisidro@robledo.es	2020-03-23 06:43:52
189	María Luisa Diez Teruel	isacristan@pedrero.com	2024-06-19 21:14:33
190	Cloe Rosell Miguel	javibermejo@gmail.com	2021-06-15 00:14:59
191	Jose Francisco Blanca Fuentes	qbenito@gmail.com	2024-09-13 18:35:59
192	Clemente Moya Landa	piabusquets@peinado.es	2020-08-14 05:59:05
193	Maxi Noguera-Arellano	alvaro96@prado-llorente.com	2022-05-28 18:29:02
194	Javier Teruel	pelayo19@quero.org	2022-09-17 17:16:02
195	Ezequiel Ramis-Vila	jose-ignacio28@pol.es	2021-04-08 16:56:28
196	Ana del Barba	romabaltasar@porras.com	2024-10-02 08:12:00
197	Luisa Cornejo Aliaga	olledo@gmail.com	2020-10-07 16:03:36
198	Leandra del Benito	casalemiliano@gmail.com	2023-12-02 22:33:49
199	Donato Fuster-Cerro	javielorza@zabala.com	2021-12-14 14:24:19
200	Leoncio Vazquez Perelló	aaron06@hotmail.com	2020-08-31 20:46:33
201	Francisco Javier Zamora Rosales	castellscruz@pol.com	2020-12-02 14:48:09
202	Constanza Malo Salazar	qojeda@bernat.net	2021-08-17 16:43:16
203	Eli Lucas Juan	regulomoran@yahoo.com	2020-09-30 01:05:57
204	Flora Cervera Isern	brigidaarroyo@rossello.es	2023-02-12 16:46:48
205	Tadeo Real	oriana84@mendoza.es	2023-04-03 12:48:27
206	Calixta Company Vega	dorotea96@gmail.com	2024-11-21 19:10:16
207	Marita Buendía	georgina80@chacon.com	2024-08-13 12:11:31
208	Brígida Tovar Luís	alejandra54@sanmartin.org	2021-12-13 22:22:13
209	Roque Salinas Coll	hsolera@gmail.com	2020-11-09 22:20:09
210	Erasmo Garay Núñez	gracianapineda@gmail.com	2021-12-18 05:59:48
211	Dani Alegria Agudo	trini12@manso.net	2024-03-15 22:52:16
212	Iker Herrero Lluch	valerio03@gmail.com	2022-09-02 19:40:22
213	Ruth Gallo Barceló	agustinadonaire@santamaria.net	2022-10-01 13:30:21
214	Dalila del Hoz	cbonet@garay.es	2023-04-06 05:28:05
215	Patricio Pedrero Alba	virginiamorata@tomas.es	2020-10-23 20:49:59
216	Reinaldo Rosendo Álvaro Sáenz	ffernandez@hotmail.com	2023-01-14 07:43:06
217	Bernardino Ferrer	acabanas@gmail.com	2020-11-26 19:36:54
218	Ramón Feliu Salcedo	jaureguiplacido@canizares-valdes.es	2020-01-23 19:46:39
219	Rufino Ugarte Vazquez	villaverdejulio-cesar@hotmail.com	2020-04-13 17:34:47
220	Santiago Escamilla Martín	adeliabanos@hotmail.com	2024-04-23 04:41:19
221	Amarilis Molina-Salvà	patriciallano@yahoo.com	2022-01-23 11:42:46
222	Lina Luján Coello	flavioarino@pla.org	2025-02-12 02:32:17
223	Juan Francisco de Gabaldón	gvelez@yahoo.com	2021-09-10 08:25:55
224	Juan Pablo Barbero Bayón	marc25@carlos-manzano.es	2023-01-14 19:21:43
225	Leoncio España Madrid	pinolhumberto@higueras.com	2022-12-05 07:10:15
226	Antonio Basilio Barral Zorrilla	carolina25@calzada.es	2023-08-23 22:52:04
227	Ani Lobo Alegria	adolforoda@gmail.com	2023-04-02 23:33:03
228	Roxana Soria Amo	xluna@peinado.es	2024-12-09 05:40:03
229	Aníbal Castelló Bonet	aaronmarti@yahoo.com	2021-11-10 23:27:08
230	Bienvenida Donoso-Narváez	jaimemayol@fabregas.org	2025-03-02 01:58:35
231	Celestino Losa Gabaldón	salmeronester@hotmail.com	2020-05-03 17:36:56
232	Leocadia Moll Ramírez	ycarranza@hotmail.com	2023-03-10 13:54:00
233	Rebeca Donaire Arias	terrongaspar@gmail.com	2024-10-13 02:15:26
234	Luz Sabater Giner	prietoines@yahoo.com	2020-08-12 03:43:23
235	Ariadna Ríos Azcona	pallaresramon@pozo-cal.com	2025-06-21 08:42:02
236	Isabel Luna Jiménez	riosloida@domingo.net	2022-12-10 12:13:45
237	Jennifer Cortes Marqués	amanda78@roca.net	2021-06-13 16:20:02
238	Gala de Martínez	smir@yahoo.com	2023-05-01 22:12:20
239	Eleuterio Morcillo Prado	irene35@zaragoza.com	2021-08-15 04:35:59
240	Fanny Perales Fernández	adriana35@rebollo.org	2021-11-18 21:30:49
241	Catalina Águila Valls	guiomarbarreda@yahoo.com	2020-06-14 21:37:09
242	Amancio Pineda-Alvarez	adelalastra@vilaplana.com	2024-03-04 21:39:05
243	Olivia Santiago Zorrilla	riofabio@yahoo.com	2023-07-17 10:25:33
244	Amado Peinado Marí	guerraobdulia@julia-cerro.com	2020-05-21 04:38:20
245	Odalis Lluch Goñi	pomaresotilia@marin.org	2025-07-10 04:18:00
246	Jaime Vicens Palomo	osvaldo94@cuenca.net	2023-12-21 13:50:54
247	Gabino de Montenegro	calhumberto@calvo-ballester.org	2024-06-03 19:29:02
248	Zoraida Paniagua Ródenas	qestevez@riba-girona.es	2020-11-24 15:57:30
249	Casandra del Sotelo	jordanamas@aguilar.es	2023-08-24 12:36:35
250	Aroa Sola	bermudezelena@hernando.com	2021-06-26 15:48:33
251	Pánfilo Montaña	juarezxavier@hotmail.com	2024-08-25 15:31:52
252	Cruz de Ojeda	olmoolalla@segovia.es	2024-02-20 16:13:39
253	Loida Sanchez López	kchacon@yahoo.com	2023-02-12 08:38:56
254	Cándida Francisco Zapata	fvilaplana@hotmail.com	2022-10-22 00:59:49
255	Alfonso Quero Izquierdo	cayetano06@hotmail.com	2024-12-28 00:31:41
256	Máxima Cuenca Sierra	francovalentina@cuadrado-barreda.es	2022-04-11 13:40:27
257	Chita de Gimeno	carrascoosvaldo@cardona.com	2022-01-06 15:14:21
258	Aurelio Victor Manuel Gómez Palma	ecuervo@gmail.com	2024-04-03 14:36:33
259	Alejo Alemán Bonet	montalbangisela@martorell.net	2023-05-12 04:15:14
260	Feliciana Cáceres Alcalde	wtomas@lasa.es	2024-08-31 00:45:05
261	Carlota Arce Giménez	ncantero@gallego-sierra.com	2025-03-01 04:07:26
262	Priscila Menéndez Ureña	villegaselisa@simo.es	2022-12-20 03:14:03
263	Javi Jordá	bernardino96@gmail.com	2023-03-10 02:19:41
264	Leandro de Roldán	vaquerojose-angel@barcena-avila.es	2023-04-12 09:25:29
265	Natanael de Benavides	encarnacioncobo@gmail.com	2024-07-01 13:41:17
266	Yaiza Bastida Lillo	canasmaria@juan.es	2023-12-02 18:35:21
267	Isaías Amo Azcona	dariocamino@ramirez.com	2021-10-28 04:56:17
268	Ciriaco Barriga Gonzalez	sierraadora@mayo.es	2020-04-29 20:59:49
269	Julio César Vicente Sala	acisneros@hotmail.com	2023-06-06 21:39:23
270	Marcial Novoa Piquer	juanita28@mendez-casas.es	2024-08-14 07:42:54
271	Clemente Moliner-Abascal	vhernandez@hotmail.com	2024-05-01 12:18:36
272	Anunciación Zaida Azorin Márquez	canellastiburcio@malo.net	2022-06-09 00:56:37
273	Graciano de Viña	ignacia00@cornejo.es	2025-07-06 13:47:05
274	Wilfredo Millán Pino	rocionadal@hotmail.com	2023-07-20 19:19:12
275	Diego Pinedo Requena	vmolina@yahoo.com	2023-11-21 05:06:23
276	Aitana Gomez	racedo@gmail.com	2022-10-15 21:37:22
277	Vicenta Folch Ramón	manuelapombo@carbo.org	2023-11-03 21:10:57
278	Hernando Bartolomé	leandra98@hervas.com	2025-01-25 11:07:15
279	Manu Fonseca Diaz	caballerotadeo@lamas-dieguez.es	2020-05-23 20:40:39
280	José Esteve Ruano	alegreascension@sacristan-cantero.com	2020-09-27 13:54:46
281	Aníbal Camilo Carranza Rozas	miguelenrique@hotmail.com	2024-08-12 09:11:29
282	Manuel Paz-Guzmán	fitoripoll@yahoo.com	2021-12-11 21:32:03
283	Jose Antonio del Gonzalez	llanosamada@hotmail.com	2020-02-27 14:09:47
284	Andrea Bueno Benavent	martinloreto@hotmail.com	2021-01-10 20:50:52
285	Soraya del Sales	belloeloisa@casanova-mesa.es	2024-04-20 03:22:44
286	Yéssica Giralt Correa	molinsmamen@gmail.com	2023-09-03 19:56:59
287	Buenaventura Hernandez Vázquez	gtoro@gmail.com	2020-07-12 17:31:27
288	Adela Marquez Pina	hilario46@camacho.es	2023-07-27 07:38:52
289	Pelayo Romero-Piña	julio-cesaralvarez@arce-quiros.es	2020-04-29 16:25:30
290	Horacio Castells-Torrents	chuchocobos@macias.com	2021-03-08 22:38:16
291	Rosa María Encarna Coronado Cortes	encarnita78@figueroa.es	2020-12-30 16:35:43
292	Arcelia Lobo Valverde	falconricarda@yahoo.com	2025-02-24 04:22:15
293	Patricio Sotelo Girona	ucastro@vazquez.com	2020-05-20 01:51:14
294	Gerardo Vilalta Briones	reynaprats@armas-roda.org	2020-01-19 22:28:53
295	Eulalia Flores	marinjose-carlos@yahoo.com	2022-02-06 21:37:00
296	Delfina Fabra	solsonalilia@hotmail.com	2022-01-03 22:14:00
297	Brunilda Elorza Lumbreras	jeremiasaparicio@olmo.es	2024-03-02 15:56:49
298	Paola Ariño Sanchez	cescalona@yahoo.com	2023-10-08 04:45:11
299	Selena Santiago Cobo	ferranflor@yahoo.com	2025-03-07 08:02:17
300	Rodrigo Alcolea Prats	wilfredorueda@yahoo.com	2020-10-29 02:58:55
301	Lucila Beltran-Huertas	carolina73@soler.es	2023-10-12 00:40:52
302	Reina Barbero Ramírez	edelmira38@hotmail.com	2024-02-24 19:42:06
303	Eufemia Lozano Mir	salomwilfredo@berrocal.es	2022-11-01 22:03:36
304	Teresita Alvarez Marin	abigail77@gibert-amor.com	2021-02-22 15:11:41
305	Almudena Delfina Pedro Múgica	marferrandez@hotmail.com	2021-04-30 19:19:13
306	Pastor Plana Pavón	montserratlumbreras@yahoo.com	2024-12-30 07:15:00
307	Amado Aliaga Iglesias	sarita37@maza-carreno.es	2022-11-15 07:40:14
308	Jose Antonio del Hierro	ucabello@hotmail.com	2022-11-12 07:13:05
309	Felicia Dalmau Moraleda	saezrenata@hotmail.com	2021-09-01 10:12:06
310	Elvira Jódar Solsona	jose-ramonprado@casado.org	2023-04-26 08:03:59
311	Marisela Rico Pozuelo	bmenendez@yahoo.com	2023-08-03 21:50:07
312	Máxima Duque	sandovalaurora@cadenas.net	2020-02-17 17:17:47
313	Isa Torres Barrio	arocazoraida@yahoo.com	2024-05-19 05:45:07
314	Baltasar Cabanillas Estévez	candelaria81@sola.com	2023-06-24 08:58:07
315	Dalila Águila Viña	chuyalvarado@sanchez.org	2022-05-17 04:59:30
316	José Manuel Gabaldón-Mayo	adoracion27@hotmail.com	2021-06-12 12:31:48
317	Eva María Madrigal Canet	anguloheriberto@dalmau-gonzalez.net	2023-11-15 17:34:49
318	Esperanza Pavón Giner	cuestanadia@madrid.com	2020-02-20 05:00:31
319	Flor Cañellas Requena	angel15@yahoo.com	2025-02-24 20:29:04
320	Jordi Diéguez Ponce	candelacerro@gmail.com	2021-11-08 14:11:51
321	Luna Gil Toro	anastasiamateo@gimenez.com	2025-01-17 04:08:26
322	Lupe Aguirre-Rocamora	monicarobledo@yahoo.com	2021-03-29 16:53:16
323	Delfina Pellicer Mur	escamillanazaret@barrera.es	2021-01-26 17:23:46
324	Armida Marín Cobos	ferrerolisandro@gmail.com	2022-03-06 10:26:00
325	Candelario Castrillo Aguilera	climaco88@noriega-roura.com	2023-05-06 18:18:54
326	Andrea Valenciano Mateu	ani76@gmail.com	2020-05-30 16:00:05
327	Salomón Baquero Barroso	wbelmonte@suarez.es	2022-03-17 00:21:29
328	Ricarda del Saldaña	colomamicaela@bonet.es	2022-10-13 02:25:13
329	Manolo Santamaria Carreño	lealespiridion@cerda.es	2024-10-20 08:13:17
330	Carlito Valderrama-Espejo	luisinabaeza@yahoo.com	2020-08-17 20:14:50
331	Germán Barrena-Ferrández	roldanvito@hotmail.com	2020-05-03 02:37:56
332	Manu Peinado Casanovas	rogeliosacristan@salcedo-calleja.es	2021-10-25 09:28:17
333	Alexandra Gomez Martín	gomezcalista@hotmail.com	2021-09-23 19:48:58
334	Valerio Arroyo Conde	agullomanuel@mendizabal.com	2020-02-14 05:07:48
335	Tatiana Verdejo	jelorza@muniz.es	2023-07-12 21:29:59
336	Encarnacion Diego Peiró	agustin68@gmail.com	2023-04-20 23:22:29
337	Poncio Hoz Sales	florentinosuarez@yahoo.com	2023-07-13 11:48:28
338	Tristán Mosquera Gallardo	bustamanteefrain@penalver-andreu.net	2022-05-12 12:17:26
339	Brunilda Gallart Reina	sebastianantonio@yahoo.com	2021-01-03 07:04:05
340	Sol Murillo	valentinemilia@gmail.com	2022-05-16 17:43:27
341	Sandalio Mayol Coronado	fontvito@hotmail.com	2021-08-28 14:39:20
342	Micaela del Ocaña	carbonicolas@hotmail.com	2022-05-07 18:28:01
343	José Manuel Villegas Galan	rporras@bayona.org	2020-01-26 09:23:32
344	Verónica Ripoll Mármol	veronicapina@vives.net	2021-03-03 20:45:57
345	Ágata Alsina Marcos	casanovasreyna@yahoo.com	2024-09-29 06:56:57
346	Valentín Manso Villaverde	dorita67@canas.net	2024-04-19 06:28:04
347	Nazario Milla	vbenito@godoy.es	2021-06-26 11:02:37
348	Íñigo Morata Pintor	climaco41@clavero.org	2024-02-27 03:25:38
349	Benigno Albero	sandrapereira@aguirre.com	2022-06-07 06:01:55
350	Roldán Aguiló-Lumbreras	maitesanchez@yahoo.com	2023-04-02 23:39:12
351	Chus Palomar Pérez	sabina76@andres.com	2023-09-15 12:25:16
352	Saturnino de Giménez	armida35@yahoo.com	2022-12-03 18:59:04
353	Casandra Llanos Cadenas	arizamacarena@azorin.es	2022-08-15 23:33:48
354	Segismundo Garcés Riquelme	rubencasal@barreda.com	2024-08-30 19:00:06
355	Godofredo Madrid Oliveras	juan-pablopelayo@hotmail.com	2023-01-12 08:47:59
356	Valentina Pozuelo Valentín	reciojenny@yahoo.com	2023-11-11 16:03:32
357	Cecilia Molins López	marquezmarc@solana.es	2021-02-22 00:30:17
358	Ramón Manzano Sáenz	mendezfortunata@gmail.com	2021-08-04 11:29:48
359	Isabel del Coca	benigno77@campoy.es	2020-03-01 15:19:51
360	Azucena Nevado Sola	godoyjavier@gmail.com	2020-09-19 00:51:49
361	Esther Rocamora Vazquez	miguel01@gmail.com	2022-06-25 21:40:22
362	Valeria Cáceres Tomás	garmendiachuy@hotmail.com	2025-03-29 15:39:44
363	Calixto del Roselló	galianojeronimo@carrillo-bas.com	2025-02-01 03:24:31
364	Gisela Seguí-Castejón	arcelia98@yahoo.com	2021-05-22 23:06:20
365	Bárbara Gual	kbarral@solsona.com	2022-10-18 13:51:16
366	Fortunato Ros Ibañez	valentinaalba@gmail.com	2020-01-20 21:59:33
367	Consuelo Bolaños Ródenas	ialsina@gmail.com	2020-01-16 10:58:29
368	Luis Arellano-Borrás	lcaceres@yahoo.com	2021-10-12 01:34:46
369	Ruben Salcedo Fuentes	lgil@barcelo-jorda.org	2024-06-16 02:15:10
370	Pancho Font Tapia	graciela34@benitez-sala.com	2020-04-29 04:07:21
371	Estefanía Barrio Llabrés	florentinarueda@hotmail.com	2023-03-04 09:02:26
372	Leonel Roldán Benavente	baguirre@hotmail.com	2022-09-18 11:47:21
373	Purificación Cantero-Ocaña	tiburcioherrero@hotmail.com	2024-05-31 19:37:29
374	María Dolores Blanco Aguilar	cacero@enriquez.com	2023-01-15 04:05:37
375	Hilario Uría Gordillo	modesta04@hotmail.com	2022-09-03 01:51:14
376	Desiderio Ariel Sanchez Salinas	nvazquez@gmail.com	2022-03-03 01:34:37
377	Nélida Andrade Barranco	pacificagilabert@yahoo.com	2022-10-29 23:51:52
378	Damián Cantón Álamo	martirio67@hotmail.com	2022-12-20 21:00:36
379	Vera Candelaria Valera Arias	ocarpio@yahoo.com	2022-05-08 16:22:31
380	Pilar del Flor	valeroprats@gmail.com	2024-11-26 11:50:46
381	Gisela Barceló Juan	visitacionsans@cruz.com	2020-11-21 20:02:21
382	Heriberto Cueto Paredes	gordonez@vall.com	2021-10-12 21:46:27
383	Primitiva Melero Fabregat	nelidabonet@gmail.com	2025-04-13 18:30:47
384	Adora Galiano Marí	mayoatilio@gmail.com	2022-04-23 11:42:32
385	Itziar Landa Gras	ciriaco95@gmail.com	2024-01-06 20:17:24
386	Soraya Villa Segovia	maribel99@hotmail.com	2023-08-21 03:57:00
387	Tere Sevilla Alemany	zbarcena@acedo.com	2023-01-26 23:23:08
388	Fortunato Bermejo Adán	carrionalbino@sanmartin.org	2022-09-15 16:17:24
389	Mirta Cañellas Peinado	minguezamparo@gmail.com	2021-07-28 14:04:03
390	Macario Giner Salmerón	espiridion64@hurtado.com	2021-02-24 18:16:31
391	Saturnina del Manrique	felisa60@pina-carlos.es	2023-03-02 05:47:05
392	Nilda Salinas Vicens	araujoleoncio@espanol.org	2024-09-21 19:17:32
393	Natividad Rueda Escudero	xferrer@yahoo.com	2023-10-10 19:49:28
394	Dionisio Mariscal	oespada@gmail.com	2021-11-17 16:51:55
395	Cristóbal Cabrero	smadrid@gmail.com	2024-09-03 21:13:15
396	Micaela Puga Muro	ferreraeustaquio@gmail.com	2021-06-29 13:53:20
397	Nidia Casanova	mariaosorio@yahoo.com	2022-05-29 20:14:44
398	Nayara Neira Reina	sonia39@yahoo.com	2020-06-26 06:21:19
399	Gerónimo Coll Bou	herviaamancio@cuesta.es	2021-12-22 06:13:31
400	Moreno Carbajo-Pastor	franciscotomas@puig.es	2024-06-22 04:17:47
401	Zoraida Pepita Vives Isern	belmontefatima@yahoo.com	2025-01-31 09:02:31
402	Jesusa Salas Jaén	ledesmainigo@gmail.com	2024-01-04 00:29:46
403	Eugenio Anglada Rodrigo	marisa01@pereira.es	2021-03-23 16:07:52
404	Pilar Cantero Alarcón	jcuervo@yahoo.com	2023-01-10 15:27:36
405	Olegario del Alcázar	tgonzalez@gmail.com	2025-05-30 18:29:49
406	Vicenta Tena Puerta	carrascodelfina@gmail.com	2023-07-06 11:14:35
407	Rafa Ferrándiz Flor	hoyosherminia@terron.es	2021-04-30 08:01:52
408	Godofredo del Higueras	artemio53@hurtado.es	2023-01-06 09:59:06
409	Hortensia Amelia Fuente Soria	calatayudruy@pera.es	2025-07-24 23:35:06
410	Melania Amores-Hidalgo	atienzaevelia@macias.org	2022-12-21 03:47:29
411	Clímaco Rosales Solís	rcastro@angulo-franco.es	2022-10-08 05:11:05
412	Teodosio Valero-Garay	chita69@yahoo.com	2023-01-07 18:40:54
413	Belen del Ponce	qsalazar@yahoo.com	2022-01-10 23:53:03
414	Jennifer Villalba-Zamora	esuarez@cuadrado-izaguirre.es	2024-08-22 19:48:25
415	Gloria Villa Montoya	maria-angelesvalbuena@agudo.es	2020-08-15 14:40:17
416	Trinidad Cid Arana	bbauza@yahoo.com	2022-04-23 02:40:28
417	Jose Carlos Duarte Vara	bertranalfonso@yahoo.com	2021-10-29 16:33:44
418	Julia Cañete Valera	basilio68@yahoo.com	2024-08-22 05:07:16
419	Daniel Tolosa Clavero	upellicer@morante.es	2021-06-19 14:16:48
420	Martina Huerta-Baeza	wcerda@yahoo.com	2022-01-28 02:48:37
421	Antonio Cuenca	rosenda44@hotmail.com	2022-07-09 11:45:41
422	Cosme Arribas Pons	inmaculadadonoso@moliner-becerra.es	2020-11-20 01:46:18
423	Dan Medina	ctrujillo@arjona.org	2020-05-31 23:24:09
424	Omar del Ferrández	fabriciocorominas@lara.net	2020-09-06 14:39:25
425	Sancho Roma Ochoa	canoazahar@gonzalez-gomila.es	2025-01-08 02:17:04
426	Flavio Gonzalez Jove	estelaarroyo@armas-barbero.net	2022-05-02 13:25:17
427	Azahar Miralles-Sáenz	espanolchema@hotmail.com	2020-08-22 04:55:32
428	Brígida Antúnez Peralta	efeliu@neira.es	2023-04-24 17:40:46
429	Leandra Bayona Cantón	velascoantonia@hotmail.com	2022-08-29 00:07:13
430	Soraya Bernal Chico	yolanda61@gmail.com	2024-01-26 20:22:41
431	Apolonia de Cuenca	ovidioperea@yahoo.com	2021-09-16 06:28:56
432	Florentino Eusebio Gabaldón Querol	uvalverde@trujillo.es	2024-07-25 12:20:57
433	Abraham Adán Cervera	nadiamalo@saez.es	2021-05-26 16:33:11
434	Eligia Franch Guijarro	gomezfederico@gmail.com	2023-01-27 14:45:36
435	Maxi Cerdán Carmona	gonzalezadoracion@gmail.com	2022-01-26 01:19:43
436	Reyes de Herranz	aurea16@yahoo.com	2022-05-27 07:42:50
437	Anacleto de Gámez	vilarromulo@yahoo.com	2020-05-27 18:48:14
438	Arcelia Paula Gaya Pavón	kortiz@torrecilla.net	2021-12-23 18:39:09
439	Maricruz Busquets Diego	carolinaaragones@gmail.com	2022-06-06 05:35:49
440	Manola Feijoo Sanmiguel	amalia31@gmail.com	2020-04-10 17:48:01
441	Marisa Pujadas Duran	reyesanastasia@yahoo.com	2022-08-12 08:43:40
442	Camila Rubio Conde	alondra43@hotmail.com	2023-01-12 19:16:33
443	Aristides Ibarra Guardia	vallejosabas@bayona.com	2023-10-28 08:43:47
444	Albino de Moraleda	ricopepito@saura.es	2023-07-11 00:20:17
445	Delfina Priego Mulet	brionesnico@hotmail.com	2020-05-21 18:35:14
446	Noé Mosquera Pacheco	iamo@coronado.es	2022-08-25 20:49:43
447	Teófilo Segismundo Chico Pera	bcerro@yahoo.com	2025-01-27 18:38:15
448	Roberto Cervantes Carrasco	valeria26@sacristan-arias.es	2025-07-01 01:58:26
449	Nerea Suarez Carrillo	urbanolillo@yahoo.com	2021-04-12 07:14:51
450	Daniel Pinedo Rodriguez	linaresmanuel@yahoo.com	2024-05-06 04:08:34
451	Abigaíl Pablo Tejera	glanda@castro.com	2023-12-04 02:15:14
452	Zaida Macaria Ferreras Fuertes	castanedadaniela@suarez.com	2024-05-12 23:39:42
453	Georgina Guzmán Neira	quevedomaria-teresa@bayo.com	2022-07-07 16:10:41
454	Eloísa Ribera Sureda	fonsecapelayo@yahoo.com	2022-12-18 21:58:09
455	Maite Diego Tejada	roldan61@rincon.com	2025-04-09 20:22:59
456	Lupe Company Carlos	ocalleja@fuente.es	2021-10-01 16:35:14
457	Severo Redondo Alegre	jorgebarrio@vaquero.org	2025-08-01 02:09:25
458	Dominga Puig-Villar	rosaliamateo@neira.com	2025-07-21 02:13:19
459	Candela Sola Herrero	pinolignacia@hotmail.com	2023-05-07 05:07:37
460	Maxi Sandoval Barrena	lisandro32@mosquera.org	2024-08-13 05:37:43
461	Hipólito Merino Urrutia	ceferino13@yahoo.com	2022-05-01 23:48:39
462	Chus Mancebo	fermintaboada@gmail.com	2024-03-26 07:49:51
463	Aníbal Criado Cervantes	jacobopolo@penalver.es	2023-02-20 04:05:39
464	Ainoa Solsona-Amaya	hernanandrade@gmail.com	2022-06-24 16:40:30
465	Vera Peralta Rosa	kbotella@priego-blanco.org	2021-02-24 10:04:22
466	Álvaro del Zamorano	tpereira@nadal.org	2022-05-10 16:31:37
467	Leandra Ariel Quero Martín	casadomarisa@batalla-diez.org	2022-10-18 05:20:26
468	Casandra Palma Estévez	nereavilar@yahoo.com	2024-09-03 16:54:05
469	Graciano Rozas	felisabernat@vives.com	2021-07-25 16:59:05
470	Carmela Rocha	garridopaco@lopez.org	2023-10-20 02:51:36
471	Ruperto Villalba Chamorro	rosadomarta@fabregat.com	2020-05-08 20:16:06
472	Hector Wálter Llano Tovar	julio23@arco.com	2024-04-07 07:32:38
473	Olimpia del Anguita	lsoriano@yahoo.com	2025-05-30 08:11:29
474	Martina Pou Cañellas	joveamerica@blazquez.es	2024-06-11 13:31:33
475	Modesta Jordana Quintanilla Gil	pontteodora@hotmail.com	2020-01-05 23:50:49
476	Wálter Marcelino Franch Carrasco	barriosbarbara@gual.com	2022-04-04 23:31:39
477	Cintia Sierra Nadal	ssebastian@capdevila-bonet.com	2025-02-25 23:43:16
478	Emelina Frutos Solís	peralsamu@blazquez-batlle.es	2021-01-22 22:56:04
479	Nicolasa Manuel Caro	somozaserafina@hotmail.com	2024-04-07 11:14:45
480	Xavier Pujol Torrecilla	rodrigo31@yahoo.com	2021-06-03 19:13:41
481	Jenaro Jaime Bastida Colomer	bautistaavila@aviles.net	2020-01-28 00:22:12
482	Etelvina Anguita-Posada	fguerra@guijarro-carreno.com	2022-07-30 13:32:41
483	María Ángeles Soria-Carro	qbonet@alvarez.net	2023-06-26 20:48:14
484	Blanca Aller Vilalta	hcuevas@esteban.es	2024-12-03 06:05:20
485	Victoria Bermudez Roldan	fborrego@arrieta.es	2021-03-05 08:36:26
486	María Luisa Arias Fabra	manjonemigdio@yahoo.com	2020-10-25 18:52:12
487	Delfina Urrutia Tudela	gertrudiszamorano@hotmail.com	2020-06-30 19:37:49
488	Tere Hoyos Castañeda	nbarros@galan.es	2020-12-12 11:11:52
489	Ileana Barreda	vanesaprieto@hotmail.com	2023-02-02 16:02:48
490	Bibiana Porta Azcona	barbara12@gmail.com	2025-01-01 22:35:58
491	Eligio Hervia	antoniapedro@enriquez-parra.org	2024-12-14 01:03:44
492	Carmina Salinas Cabeza	xesparza@yahoo.com	2025-04-15 13:23:15
493	Visitación Corominas Jove	ynarvaez@hotmail.com	2022-01-08 05:15:14
494	Luisa Fernández Pavón	tramis@hotmail.com	2022-04-19 12:27:39
495	Chelo del Tejera	rafaeluria@arellano.com	2023-11-19 14:44:15
496	Chelo Nieto Cortes	arielpatino@manzanares.com	2023-09-08 21:05:20
497	Francisco Jose Ródenas Pedrosa	herminia66@yahoo.com	2023-11-13 07:37:20
498	María Luisa Menendez Villalonga	marisa00@gmail.com	2025-06-18 11:45:30
499	Teodosio Puerta Montserrat	qfrutos@lucena.net	2021-02-10 13:41:59
500	Florencio Palma	fjorda@gmail.com	2024-02-25 11:43:07
501	Urbano Figueroa Martinez	adriancabrero@quero-almeida.es	2024-01-31 19:57:00
502	Abigaíl Canals-Izquierdo	jpalomino@hotmail.com	2024-12-10 11:17:05
503	Che Castejón Seco	candido21@gmail.com	2023-09-06 20:00:27
504	Evelia Pelayo Batlle	susanacorbacho@gmail.com	2020-11-18 16:34:26
505	Isidoro Falcón Batalla	fzabala@jara.com	2025-08-15 03:10:30
506	Ximena de Alcázar	fabian39@hotmail.com	2023-03-18 06:54:20
507	Andrés Sevilla Zapata	julian81@andrade-montana.es	2022-08-01 23:33:56
508	Paco Solís	arranzsabina@palacio.org	2022-02-24 10:17:19
509	Segismundo Sevilla Vilaplana	cazorlajulian@rojas.com	2025-02-12 16:35:14
510	Eva María Lopez Llobet	garciajuanita@yahoo.com	2022-06-08 23:11:17
511	Rafa Cañizares Riba	nicodemo88@ayuso-camacho.es	2021-08-26 12:46:22
512	María Cristina Granados-Bosch	kguitart@gmail.com	2020-10-30 20:10:52
513	Aránzazu Font Leiva	nataliatello@palau.es	2021-08-21 19:23:12
514	Gaspar Collado Puga	pintojose-luis@hotmail.com	2024-01-28 20:58:50
515	Eusebia Luz Busquets Tello	fatimaandres@hotmail.com	2020-10-07 13:56:11
516	Sonia Barriga Samper	candeladiego@arnaiz-carreno.com	2023-01-29 02:49:35
517	Hilario Palomino Casanovas	criera@gmail.com	2024-08-14 12:00:40
518	Hugo Osuna-Martí	jvara@gmail.com	2024-09-16 07:13:08
519	Raimundo Fábregas Rovira	vblanch@hotmail.com	2021-07-11 22:27:48
520	Roberto Peláez Osorio	zaguirre@yahoo.com	2020-06-06 04:02:31
521	José Luis Madrigal Cifuentes	xgarriga@calvet.com	2025-05-28 05:34:01
522	Herminio Abad Clemente	zsandoval@hotmail.com	2021-11-20 13:23:07
523	Cecilia Moya	quevedoaurelio@gmail.com	2024-12-17 01:21:47
524	Fanny Arana Castelló	parejoalberto@gmail.com	2022-11-02 20:12:47
525	Aura Mamen Martinez Prats	eviana@gmail.com	2024-04-06 06:48:59
526	Darío Montero Ochoa	victor21@gmail.com	2020-11-06 01:43:05
527	Amalia Carranza Gimeno	monteromanuelita@arenas.es	2023-09-18 04:08:22
528	Zaira Huguet	lcid@yahoo.com	2020-03-08 07:31:27
529	María Del Carmen Barreda-Méndez	chelozamora@morata-lago.es	2020-10-03 11:58:36
530	Emperatriz Roda	melisaochoa@manzanares.org	2021-07-12 13:59:52
531	Perla Carlos Viña	ibanezluis@gmail.com	2023-08-24 11:37:47
532	Aurelia Trillo Villegas	noamurcia@gmail.com	2025-07-19 22:28:41
533	Chucho Francisco Elorza	valeroraquel@alcolea.com	2022-06-28 08:40:34
534	Armida Mur Toledo	davidaragones@iborra.com	2021-06-23 11:01:44
535	Trinidad Herrero Fuente	xalmansa@diaz-tejedor.es	2020-07-03 03:35:07
536	Seve Ruperto Villaverde Vizcaíno	rodolfo82@suarez.es	2025-01-26 01:33:31
537	Heliodoro Castelló	luisina89@hotmail.com	2024-07-26 11:53:30
538	Olivia Sureda Perelló	tbarrera@elias.com	2021-02-22 09:41:52
539	Soraya Jove Alsina	rubenromero@gmail.com	2024-07-28 15:18:45
540	Felipa Francisco Cerro	lasaseveriano@gmail.com	2020-10-05 01:33:51
541	Sol Patiño Puga	sescolano@yahoo.com	2022-10-05 15:05:49
542	Jesusa Ramírez-Zamorano	luciano61@yahoo.com	2022-02-08 08:25:34
543	Fabricio de Uría	chelo38@hotmail.com	2022-12-30 15:02:08
544	Gilberto Casemiro Hidalgo Oliva	marcelinocases@hotmail.com	2022-04-26 04:29:45
545	Ani Farré-Cerdá	maznar@gmail.com	2023-11-18 19:45:05
546	Eloísa Capdevila Nieto	timoteo65@hernandez.org	2020-06-14 14:55:41
547	Armando de Vaquero	maria-belenmendoza@hotmail.com	2023-03-31 06:32:46
548	Lorenzo Nacio Clavero Mármol	abraham23@ramis.es	2023-10-02 05:06:12
549	Charo Cózar	mbenavente@molins.com	2020-11-23 10:41:09
550	Gonzalo Quiroga Real	marcguzman@gmail.com	2025-04-18 23:14:19
551	Juan Carlos Estrada Castilla	trillogaston@pol.es	2020-05-28 14:14:00
552	Silvia Real-Tormo	noeliacasas@hotmail.com	2021-10-19 04:32:41
553	Luis Miguel Haro	romulotenorio@raya-martin.org	2022-02-20 16:27:08
554	Esmeralda Pelayo	morenatrujillo@campillo.com	2022-04-26 08:33:38
555	Hernando Chus Múñiz Lluch	illabres@goni.es	2025-05-03 00:33:21
556	Guadalupe de Arroyo	desiderioarino@hotmail.com	2021-09-24 03:22:26
557	Cebrián Íñigo Bartolomé Salmerón	eliasflora@pont.net	2022-09-10 11:18:24
558	José Mari Haro Aliaga	aescalona@hotmail.com	2020-10-09 22:04:47
559	Mauricio Salas-Olivares	ruth19@hotmail.com	2024-04-16 11:39:46
560	Mar Burgos Dávila	anibal06@estrada-baez.net	2025-01-30 19:56:04
561	Eloísa Natividad Cabrera Ordóñez	coral42@melendez.es	2023-11-10 04:19:14
562	Teresita Manzanares	mosqueranestor@sebastian.com	2024-06-08 13:32:08
563	Edu Cañete-Uribe	apolinarcarballo@hotmail.com	2024-05-28 10:31:08
564	Teodosio Pinedo-Calzada	salomfulgencio@gmail.com	2020-10-13 03:25:48
565	Rufino Cantón-Palomino	nieves59@hotmail.com	2024-12-09 17:17:15
566	Reyes Peiró	apoloniahoyos@yahoo.com	2021-08-19 14:34:31
567	Eloísa Maldonado Espejo	xchamorro@hotmail.com	2021-06-12 16:03:16
568	Odalis Pazos	ponslourdes@duque.com	2025-03-20 13:19:02
569	Baldomero Pellicer Carbonell	jose-manueliniguez@gmail.com	2023-07-08 03:50:13
570	Adelardo Roca-Belda	cruzangelina@rodrigo.org	2021-11-10 02:10:45
571	Maximiliano del Bárcena	fvalle@murillo.com	2023-06-22 09:25:27
572	Victoriano Gomila Guijarro	juan-manuel92@gmail.com	2022-04-02 17:34:16
573	Gisela Fuster Lerma	valentinclemente@oliva.com	2020-11-26 01:03:05
574	Gastón Giménez Pedrosa	triquelme@yahoo.com	2025-06-28 22:18:44
575	Felipa Amor Hervás	alamosilvia@carreras-rivera.com	2025-05-28 10:23:54
576	Renata Girón Bustamante	geronimo45@dominguez.com	2023-11-07 01:09:06
577	Maura Barberá Marquez	anselmaheras@ojeda.com	2023-02-09 16:30:19
578	Regina Puga Guzman	victorianorivas@yahoo.com	2021-11-07 02:25:43
579	Perla Bermúdez Suarez	tpenas@gmail.com	2024-06-30 20:08:41
580	Dora Arnaiz Carrasco	silvia72@gmail.com	2020-09-08 11:30:06
581	Obdulia Socorro Pulido Solera	mmate@hotmail.com	2024-05-22 11:54:32
582	Nazario Casado Espinosa	dtejero@barbera-perera.com	2023-12-01 03:48:36
583	Armando Arana Cid	albertcorral@rossello.net	2024-08-21 11:44:14
584	Graciela Ramis Salvà	trinidadcabanillas@busquets.org	2024-01-29 13:19:11
585	Melisa Tomás Guillen	jmaestre@gmail.com	2024-09-01 19:11:46
586	Calista de Pacheco	garayhipolito@guzman-colom.es	2022-04-14 18:10:08
587	Julia Piñol	sanchezamilcar@hotmail.com	2022-11-23 23:05:19
588	Ruperto Sanz Carretero	naleman@yahoo.com	2020-03-18 07:32:34
589	Juan Antonio Heredia Linares	telmo61@hotmail.com	2021-02-28 06:06:35
590	Cecilio Pelayo Baena	jberrocal@blazquez.es	2020-01-11 17:45:08
591	Ramona de Ayllón	leyregalindo@hotmail.com	2021-07-19 02:04:00
592	Carlota Guerra Marqués	ingridcabanillas@alberdi.com	2021-04-04 04:36:27
593	Luís Morell Grande	hugovalverde@varela.es	2023-09-19 13:08:58
594	Alma Cabrera Balaguer	cabreroalvaro@yahoo.com	2022-02-22 04:39:21
595	Florinda Barroso Jimenez	magdalenamenendez@gmail.com	2020-05-06 03:35:51
596	Pepe Tenorio	heraclioperera@gmail.com	2023-04-12 19:24:25
597	Carina Andrade Riba	maria-jesus87@yahoo.com	2025-02-27 02:41:56
598	Jesús Baró Vazquez	loboangeles@hotmail.com	2021-12-05 00:49:46
599	Marciano Sala Bernad	inocenciourena@pacheco.es	2022-07-12 06:31:25
600	Araceli Abigaíl Aguado Leiva	carmelopenalver@ribas.com	2023-05-27 00:19:43
601	Pepita Flora Arrieta Marco	duarteabigail@quintana-soria.com	2023-07-25 04:36:06
602	Caridad Lucena-Estévez	elena83@gmail.com	2022-11-08 04:39:16
603	Luis Miguel Hernando Montoya	zoraidaiglesias@yahoo.com	2021-01-22 22:34:52
604	Silvestre Pablo Múñiz	qyanez@hotmail.com	2020-07-13 12:30:01
605	Abel Osorio Peña	cayetano51@yahoo.com	2023-11-27 06:39:03
606	Josefina Xiomara Villar Calatayud	camilo08@hotmail.com	2023-11-02 03:53:12
607	Prudencio Tormo Dalmau	ntenorio@gmail.com	2022-10-14 14:57:52
608	Reynaldo Sarmiento Tur	ikertalavera@yahoo.com	2021-12-04 20:42:16
609	Miguela Rius	rosariosoler@hotmail.com	2021-01-04 20:39:31
610	Eric del Valderrama	calisto29@hotmail.com	2021-05-24 03:04:59
611	Edu Arellano Barco	ruben59@batlle.com	2022-09-04 03:50:32
612	Perlita Angélica Merino Salazar	remigio56@yahoo.com	2021-03-13 15:59:11
613	Miguela del Seco	telloapolonia@morillo.es	2024-11-29 14:44:33
614	Melisa del Camps	lupetur@bellido.com	2021-08-18 13:17:38
615	Macario Cabo-Antón	ncastro@iglesias-iniguez.es	2025-02-23 07:58:43
616	Victor Sáenz Pomares	nazaret93@osuna.com	2024-03-30 19:05:59
617	Esteban Mena Prado	ramirezlope@gmail.com	2021-02-20 07:10:36
618	Felipe Galindo Múgica	robertarebollo@serrano-delgado.es	2021-11-24 06:53:29
619	Ema Barceló Iniesta	tgalindo@benitez-dominguez.org	2020-03-24 16:07:36
620	Marcos del Zurita	chema39@pedrosa.es	2024-08-18 15:18:21
621	Amor Avilés-Cabo	marita66@correa-villalobos.com	2022-01-23 13:10:33
622	Horacio Pinto Macias	medinacarmelita@garriga.com	2021-11-07 13:59:42
623	Hipólito Manuel Malo Blázquez	isabelabustamante@yahoo.com	2025-01-27 13:21:54
624	Mamen Giménez-Catalá	sanjuanleyre@hotmail.com	2020-06-27 04:32:36
625	Jeremías Iborra Benavides	angelita17@hotmail.com	2023-12-05 09:34:36
626	Maxi Manzano Murcia	palomacatala@hotmail.com	2021-03-22 22:24:49
627	Fito Rovira Perelló	escrivaildefonso@hotmail.com	2023-07-06 06:44:20
628	Noelia Pi Ballester	arcoremedios@sosa.com	2022-04-25 06:21:19
629	Flor Solís Díaz	bcarbonell@valbuena-angulo.net	2024-06-15 00:32:48
630	Rosalinda Amalia Pi Bayona	uriberufino@duque-marcos.org	2021-07-22 01:12:17
631	Paulino Anguita	berta95@hurtado-blasco.es	2024-05-30 10:16:47
632	Alfonso Tejero Morillo	melisaperalta@valverde-yuste.com	2022-05-15 12:55:46
633	Lucas Pastor Riquelme	eperal@pina-echeverria.com	2022-05-22 11:34:50
634	Roberto Bolaños Larrea	aliciaangulo@hotmail.com	2024-04-30 16:51:20
635	Paulino Alcántara Gual	yaizavidal@yahoo.com	2022-10-22 20:12:10
636	Gracia Guzmán Velasco	wserra@granados.org	2024-01-29 20:22:14
637	Seve Natanael Bustos Cazorla	chuchopalomino@yahoo.com	2022-03-16 02:22:21
638	Valentín Cal Casals	olasa@hotmail.com	2022-05-19 02:06:23
639	Oriana Piñeiro-Llobet	griselda76@castejon.com	2020-08-17 15:01:46
640	Antonia Montalbán Villar	mauraraya@bou-lloret.com	2022-12-06 02:33:12
641	Carolina Olmo Ángel	osorioemilia@yahoo.com	2023-09-23 04:49:45
642	Rodolfo Teo Valero Perea	elbajorda@valles.es	2024-10-29 13:52:26
643	Leonel Rebollo Olmedo	asunciondonaire@hotmail.com	2022-07-20 18:53:31
644	Salud Cristina Manzano Garmendia	adelaida44@velasco.com	2021-08-15 23:43:42
645	Aura Páez-Aguilar	olgaoliveras@gmail.com	2024-03-25 05:25:50
646	Martín Ferreras Merino	losaalba@sanz.com	2023-02-20 21:07:33
647	Narcisa Padilla Aguado	fsanz@ricart.org	2022-06-25 18:26:04
648	Onofre Franch Llabrés	magdalena54@leiva.es	2024-06-09 12:53:33
649	Josué Cadenas	dan76@hotmail.com	2025-03-17 09:28:58
650	Domingo Montalbán Juliá	romasalome@capdevila.net	2023-03-26 18:05:44
651	Abraham Camacho-Lorenzo	feliciana12@rosello.com	2022-02-10 08:30:40
652	Bruno Suarez-Busquets	ajaen@yahoo.com	2024-10-17 13:40:50
653	Godofredo Vera Corbacho	olallacollado@yahoo.com	2020-01-17 06:38:00
654	Baltasar del Pinto	encarnadonaire@zurita.net	2022-07-10 05:03:59
655	Lupe de Herranz	jimenasimo@arco-noriega.com	2022-04-20 05:39:40
656	Francisco Javier Francisco Navas Nevado	claveropilar@hotmail.com	2021-03-07 22:15:02
657	Clotilde Juana Cañas Catalán	sauracosme@hotmail.com	2021-09-03 15:45:54
658	Luis Cuesta	onofretalavera@bas.com	2022-02-17 09:07:07
659	Sol Guardia Valencia	fortunatoquero@yahoo.com	2021-03-03 07:33:59
660	Teodosio Goicoechea Guijarro	teodosio69@hotmail.com	2024-01-11 01:28:22
661	Pancho Busquets Vigil	torrentolimpia@herrero.com	2021-09-12 20:04:18
662	Bautista Vizcaíno	olegario87@cases.com	2020-09-05 12:38:02
663	Natanael Soler Fábregas	chuchoroldan@palomar.com	2022-01-30 03:29:54
664	Ariel Aguirre Amador	escalonahoracio@hotmail.com	2025-06-18 21:24:53
665	Pastora Azcona Nicolau	carrenosusana@yahoo.com	2020-02-06 09:32:16
666	Delia Pereira Plana	hildalaguna@yahoo.com	2022-08-17 08:18:35
667	Maite Montaña Giralt	abarriga@gmail.com	2021-10-15 06:15:10
668	Lola Jenny Pellicer Bernal	wgimenez@gmail.com	2024-12-21 13:47:12
669	Eustaquio Viñas	leticiasantiago@verdugo.com	2020-11-28 20:55:57
670	Adelina Armengol	casandra75@angel.com	2023-06-05 15:32:52
671	Jaime Agustín Pedraza	claudiogallardo@yahoo.com	2020-05-18 20:51:40
672	Nilda Almagro-Bermúdez	baezaalejandra@caparros-gimenez.es	2023-02-22 03:23:28
673	Amarilis Sabater Sobrino	pallaresisidoro@hotmail.com	2020-12-21 06:34:40
674	Gonzalo Uría Merino	pelayonavas@gmail.com	2023-05-15 22:38:57
675	Pelayo Adalberto Gargallo Valderrama	candido81@valcarcel.es	2024-06-26 13:24:03
676	Rufino Moreno Sebastián	dlucas@yahoo.com	2022-10-28 21:27:02
677	Paola Esteban Hurtado	calistavallejo@sandoval.org	2025-07-14 20:01:23
678	Duilio Vargas-Pinilla	celia93@yahoo.com	2023-05-31 03:55:51
679	Abril Solís Costa	reyestefania@reguera-villanueva.es	2021-06-24 03:45:53
680	Ana Luján Jaén	kcalderon@gmail.com	2022-03-21 17:49:58
681	Isaura Azorin Belmonte	felicidad78@yahoo.com	2022-12-01 20:20:17
682	Elisabet de Cánovas	angelinabejarano@hotmail.com	2022-04-06 08:07:50
683	Nicolás Roldán Girona	lladolupe@boix.com	2022-03-09 03:48:19
684	Soledad Cid Pinto	floranicolas@ballesteros-giron.com	2020-07-21 20:24:56
685	Perlita Espada Benítez	tudelaemilia@hotmail.com	2020-01-05 07:36:28
686	Asunción Vidal Haro	araceli17@hotmail.com	2021-09-29 08:13:02
687	Susana Echeverría-Pujadas	jbalaguer@carrillo.es	2024-11-11 08:24:33
688	Estela Villar Reig	severiano28@iglesia-palau.net	2024-06-04 17:35:55
689	Andrés Felipe Almansa Barrena	macaria92@gmail.com	2024-08-15 01:12:50
690	Joel de Casanovas	leocadio72@borja-oliveras.com	2020-11-13 23:53:01
691	Haydée Fuster Bermúdez	alfredo46@yahoo.com	2020-11-26 19:28:21
692	Paco Menéndez-Pavón	sacristanaraceli@estrada.com	2024-01-04 20:03:11
693	Bonifacio Ibañez-Ayala	alfarosegismundo@gmail.com	2022-07-05 06:26:08
694	Gerardo Pardo Baeza	castilloruperto@yahoo.com	2023-08-28 16:30:46
695	Juan del Peiró	montserrat41@gmail.com	2024-03-15 01:28:42
696	Nacio Rosario Fonseca Reina	americoestevez@gallo-vicens.com	2022-01-28 19:19:53
697	Benita Cintia Estévez Roldan	espanolmodesto@espanol-nunez.es	2024-08-14 03:15:12
698	Nando Roldan Escolano	eloy89@hotmail.com	2024-03-07 05:50:18
699	Victor Barrio	marinjose-antonio@pujol.es	2025-02-11 01:02:17
700	Albina Hervás Milla	hserna@franch.org	2024-11-10 22:42:23
701	Nicolás Emigdio Juan Donaire	asuncion15@yahoo.com	2024-01-13 16:57:29
702	Guadalupe Diego Palau	charocaballero@carrillo-moreno.es	2022-10-11 04:07:07
703	Luisa Crespi Pozuelo	eduardocozar@benet.com	2024-04-26 00:49:14
704	Leonardo Jiménez Marqués	lupitaiborra@catalan.es	2022-04-03 22:42:16
705	Américo Sebastián Cornejo	virginia64@yahoo.com	2020-03-04 18:55:17
706	América Ferrera-Padilla	maricelafont@mateu-lujan.es	2021-02-16 15:29:03
707	Salud Elvira Mariño Escamilla	bustosnorberto@gmail.com	2022-04-28 19:37:36
708	Candelas de Tolosa	blancarafa@yahoo.com	2020-10-20 06:33:09
709	Felipa Abella Borrego	yroman@yahoo.com	2021-07-16 14:35:58
710	Fernanda Juárez	ambarbaena@moreno.net	2025-03-04 20:55:23
711	Sandra Purificación Manso Campos	ligia22@marti.com	2023-04-15 08:21:59
712	Augusto Morata Roman	elodiatudela@barreda.org	2025-04-23 06:24:14
713	Fortunata Pomares Lloret	salomonmenendez@ribas-monreal.es	2024-06-03 09:05:26
714	José Mari Pulido Nieto	palmira32@hotmail.com	2024-01-17 07:55:41
715	Juliana Guzmán Fábregas	goyo32@gmail.com	2020-04-05 17:20:41
716	Victorino Trujillo-Durán	perla33@hotmail.com	2023-03-15 16:38:38
717	Pepe Llorente	debora98@hotmail.com	2021-12-15 19:23:48
718	Vinicio Vergara	florenciomontalban@padilla.net	2021-02-19 02:23:50
719	Sancho Pagès Leal	loreto52@gmail.com	2022-10-08 17:21:01
720	Julieta Vendrell Iniesta	zapatanereida@gmail.com	2025-04-09 16:29:29
721	Julieta Oller López	ruylledo@figueroa-pena.es	2022-02-12 00:33:34
722	Eli Solsona-Espada	rupertagonzalo@yahoo.com	2023-07-15 23:28:37
723	Rosario Manzanares	kluna@gmail.com	2020-03-27 08:28:08
724	Isabel Miró Solera	camposana@palomino.es	2024-10-28 03:04:34
725	Cleto Díez Esteban	baezinigo@hotmail.com	2024-11-13 09:56:33
726	Albino Aragonés Molina	leireexposito@aguado-silva.com	2024-01-24 02:57:35
727	Florentina de Vergara	quirino35@gmail.com	2022-06-15 07:25:42
728	Feliciana Cabezas Arroyo	linaresteo@gual.com	2023-02-03 20:42:50
729	Emiliano Cortés Gomila	micaela24@hotmail.com	2022-06-12 05:10:04
730	Antonia Ferrán Salinas	calixtamachado@yahoo.com	2020-05-01 06:22:17
731	Natividad Frutos	urbano46@hotmail.com	2022-02-10 00:28:18
732	Rosa del Domingo	jsantana@tovar.com	2023-02-22 12:01:06
733	Plácido Arenas Soria	jeronimo46@gmail.com	2025-06-24 10:49:47
734	Fernando Rosell	domitila84@quiros.com	2022-07-31 06:52:32
735	Gala Baró	aristidesjove@rosales.com	2025-04-03 14:58:54
736	Ambrosio Alvarez Torrents	mmadrigal@villegas-abellan.com	2023-12-08 22:54:59
737	Victor Macías	horacioleon@folch.es	2023-03-31 01:34:23
738	Leonardo Quintanilla-Ferrán	elianacarretero@yahoo.com	2022-07-31 03:28:20
739	Montserrat Santos-Bayón	daparicio@ruano-cuenca.net	2024-04-14 04:22:09
740	Dorotea Mayte Nieto Carbajo	tomasadela@hotmail.com	2024-10-08 12:42:00
741	Mauricio de Posada	javimorera@asensio.net	2021-08-12 13:56:11
742	Borja Gálvez	noemitena@gmail.com	2021-02-17 23:35:38
743	Galo Rocha Franco	dcarretero@cerda-comas.es	2022-11-18 20:21:12
744	Trinidad Vélez Río	pjaume@catala.es	2023-12-28 17:57:09
745	Brígida Paula Villalba Villalonga	jamores@romero.com	2024-10-01 23:39:02
746	Marta Expósito Ropero	ramoncrespo@hotmail.com	2025-07-19 15:18:24
747	Josep Amaro Carvajal Montserrat	amortorrijos@gmail.com	2021-06-08 00:34:01
748	Reinaldo Manrique Toledo	manolo48@hotmail.com	2021-02-24 05:20:16
749	Julio César Tenorio Perelló	carmeladiez@losa.es	2025-01-21 05:00:44
750	Venceslás Barriga Jove	adelardoanaya@oliver.es	2021-07-16 14:09:15
751	Sara Mendez Madrigal	consuelozabala@pomares.es	2024-05-24 10:21:08
752	Sofía Perea Anguita	gracianotorre@gmail.com	2022-11-27 07:58:57
753	Clímaco Mendez-Carreño	basiliovilanova@salgado.com	2023-08-12 03:41:38
754	Cayetana Rodriguez Blanes	jose-luis36@morillo-villalonga.es	2021-10-28 07:19:52
755	Eulalia Ramírez Plana	albinovelasco@yahoo.com	2022-06-03 05:04:23
756	Consuela Mariscal Fortuny	adela38@hotmail.com	2021-04-28 13:11:55
757	Sancho del Asenjo	pratsfaustino@flores.com	2021-11-12 21:39:07
758	Pía Coello Rosales	lazarosantamaria@pardo-rey.es	2022-08-07 14:54:40
759	Gracia Cobos Pou	edgarcarro@serra-arevalo.net	2023-02-09 10:30:13
760	Jose Angel Palacios Abella	salfaro@yahoo.com	2023-09-16 19:33:31
761	Germán del Hidalgo	esthercifuentes@gmail.com	2020-07-18 07:31:04
762	Eli Garriga	nsaavedra@arias.com	2024-06-11 04:51:37
763	Gabriel Torrijos Cabrero	dario67@parra.es	2024-06-10 01:07:45
764	Juan Pablo Chacón Sola	mmillan@gallo.es	2022-08-05 16:56:49
765	Lupe Vicens Codina	oliverabrunilda@yahoo.com	2020-08-20 10:53:39
766	Candelaria Rovira Hoyos	ferrandiztere@garate.org	2023-01-11 08:23:07
767	Juanita Espejo Oller	cbernad@hotmail.com	2024-08-10 10:49:13
768	Víctor de Arnau	casemiro14@yahoo.com	2024-02-07 08:10:53
769	Angélica Pascual-Exposito	phurtado@gmail.com	2025-05-17 06:47:12
770	Victoria Lucena Valbuena	maricruzmir@abad-exposito.com	2021-06-28 03:42:06
771	Emilio Andrés Feijoo	ccaceres@sosa.es	2022-03-15 22:43:04
772	Concepción Alegria Salvà	efrain01@naranjo-segovia.es	2020-07-14 16:19:23
773	Pilar Ayala Bartolomé	eugenia11@hotmail.com	2020-03-03 10:29:37
774	Remedios Castillo	aranzazuaguilar@hotmail.com	2024-07-06 13:29:32
775	Emperatriz Criado	ovillalobos@yahoo.com	2021-03-31 05:19:46
776	Adán Becerra Rocha	yessica84@hotmail.com	2022-04-12 16:58:44
777	Eligia Castejón Arjona	arenashortensia@hotmail.com	2023-09-09 10:46:01
778	Carlota Melero-Vallés	florencio95@gimenez.org	2024-07-29 21:04:23
779	Matilde Sotelo Corral	cebrian26@planas.es	2024-03-12 08:06:31
780	Loreto Padilla	heribertobenet@hotmail.com	2022-11-05 19:58:24
781	Caridad Sanjuan Pozo	solsonabalduino@salas.es	2020-11-26 06:37:54
782	Cristina Ramón-Perera	leonor29@gmail.com	2024-08-12 18:20:04
783	Aitor Anguita Mora	omar56@lastra.net	2023-07-21 04:36:11
784	Gaspar Blazquez Sandoval	amando47@hotmail.com	2023-01-23 10:17:47
785	Maricela Escrivá	nieves60@aguilo.es	2025-06-27 07:54:35
786	Andrés Felipe Arteaga Calvet	eliseoperal@franco.es	2021-05-29 22:30:13
787	Bruno Oller Saavedra	lupe84@gmail.com	2022-04-05 09:35:31
788	Víctor Ferrándiz Lobo	alfonsoalbert@hotmail.com	2020-05-20 20:11:43
789	Aroa Paz Bermúdez Zamorano	leonborrego@gmail.com	2023-07-18 15:45:02
790	Alma Silvia Blanch Gallardo	manuelasanmiguel@cespedes.net	2020-04-02 19:41:43
791	Azahara Pascual	ramonbarco@salgado-guitart.es	2020-09-22 16:35:30
792	Javi Ordóñez Mayoral	peraignacia@pla.com	2023-12-24 01:34:57
793	Rafa Fabra Narváez	consuela13@gmail.com	2025-05-01 01:17:26
794	Isabel Vargas	ahuguet@lasa.es	2024-09-09 08:29:38
795	Raimundo Cleto Patiño Cáceres	juan-jose39@gmail.com	2021-12-31 03:47:33
796	Clotilde Rosalía Pinedo Gallego	barbagil@somoza.org	2024-07-08 18:57:23
797	Abraham Antúnez Guardiola	baqueroflorina@moran.org	2025-05-29 21:59:27
798	Eloísa Irene Villegas Segura	cesarcortina@llobet-espejo.net	2022-11-29 09:14:16
799	Juan Manuel Cabello Caparrós	fuenteelias@julian.es	2022-08-25 23:48:30
800	Beatriz Fuentes-Pintor	mariasans@gmail.com	2024-01-24 06:34:21
801	Adolfo Valentín Chacón Iniesta	ignacia98@simo-marti.es	2020-07-02 18:31:10
802	Feliciana Vaquero Ferrera	ramon66@hotmail.com	2021-09-08 09:51:19
803	María Carmen Manzano Calderon	fidel63@benitez-pallares.com	2021-12-13 08:10:23
804	Graciano Julián Montserrat	ellabres@yahoo.com	2022-04-18 22:08:13
805	Luciana Encarna Ugarte Osuna	jeremiasjimenez@alvarado.com	2025-06-24 22:55:29
806	Andrés Felipe Vargas-Rosell	mpujol@yahoo.com	2024-11-10 00:46:12
807	Ernesto Noguera	olimpia40@hotmail.com	2021-04-21 09:37:29
808	Ciro Torrecilla Amaya	elvira34@hotmail.com	2023-10-02 11:04:07
809	Rosalva Porcel Díaz	granadosolga@rincon.es	2024-02-10 03:53:11
810	Juliana Santiago Guitart	bmoll@gisbert.org	2023-05-03 10:58:24
811	Cleto Infante García	clarabertran@cueto.es	2022-04-02 21:40:08
812	Carla Amigó Carballo	csantos@prieto-gomis.org	2021-04-30 11:06:21
813	Flavia Morales Echeverría	albinafabregat@yahoo.com	2024-09-03 23:50:12
814	Mamen Puerta Aragonés	eexposito@gomez-exposito.es	2020-05-05 10:51:29
815	Jose Luis Colom Cano	gasconclotilde@arteaga.org	2025-06-30 07:37:45
816	Clotilde Barrera Dominguez	muletdafne@gmail.com	2022-12-10 12:32:12
817	Ainoa de Valera	amarilismateos@aller.es	2024-03-02 07:05:50
818	Trinidad Gascón Cantón	zamorahermenegildo@moles-vizcaino.es	2024-04-29 06:25:08
819	Aristides Balaguer Puerta	efuente@hotmail.com	2020-10-23 12:23:06
820	Ulises Ismael Bauzà Aguado	pascualasolsona@lledo-lumbreras.org	2021-05-17 03:38:09
821	Rogelio de Flor	romanhernan@yahoo.com	2021-05-26 18:53:08
822	Victorino Gutierrez Borja	marcelaacevedo@yahoo.com	2020-12-06 08:58:02
823	Zaira Fajardo Velázquez	pbustos@elias-calatayud.es	2020-01-29 05:32:05
824	Águeda Carbajo Bueno	micaelatovar@verdugo.org	2023-02-23 06:23:32
825	Severino del Ibarra	panchoiniesta@gmail.com	2020-05-08 01:42:52
826	Maximino Quiroga Somoza	davilajuan-francisco@quevedo.com	2024-12-10 06:01:13
827	Loida Tena Luján	paulinacerro@yahoo.com	2021-01-10 01:39:17
828	Eva Exposito	ovidio78@mari.es	2021-01-19 01:13:06
829	Odalys Reyes Duran	palomocipriano@hotmail.com	2024-01-18 17:20:48
830	Ovidio del Luna	osolera@hotmail.com	2021-12-19 08:24:29
831	Candelario Abad	jose-ignaciopelaez@yahoo.com	2022-01-16 09:45:57
832	Edelmiro Hierro Pinedo	zmesa@hotmail.com	2023-02-13 22:39:45
833	Melchor Leon Olivera	enrique85@yahoo.com	2024-07-03 01:32:28
834	Maxi del Molina	calixto73@yahoo.com	2024-12-08 21:56:36
835	Carlito Montserrat Gimenez	geronimo09@valentin.org	2023-09-22 03:45:18
836	Roque del Rincón	tellezluciano@calleja-roman.com	2022-11-09 06:32:03
837	Vidal Cisneros Sáenz	araceliabad@hotmail.com	2020-11-28 09:17:12
838	Lilia Carbonell Pedrosa	torrentingrid@millan-lago.es	2021-01-21 09:38:50
839	Lucía Menendez Herranz	inocenciotome@yahoo.com	2024-05-25 09:53:38
840	Rufina Narváez	jeremiasroyo@valencia-murillo.com	2023-03-21 20:20:58
841	Fulgencio Tomás Moliner	carmen82@escalona-cervera.es	2024-10-27 17:03:54
842	Inocencio Benítez Moreno	carrillobenjamin@angulo.com	2023-05-09 07:00:56
843	Álvaro Acevedo Gutiérrez	nfigueras@tur.com	2023-07-05 03:28:17
844	Rufina Cañete Nogués	spineiro@gmail.com	2023-03-04 16:36:17
845	Benjamín Chacón	javicolom@yahoo.com	2020-06-03 15:40:05
846	Adoración Fabiola Alfonso Gárate	curro41@sola.es	2020-06-04 06:20:51
847	Isidro de Navarrete	eugenia06@hotmail.com	2022-12-29 10:16:45
848	Carmelo Piñol Guardia	vicentacaballero@hotmail.com	2025-05-04 12:56:44
849	Viviana Pastora Reguera Zurita	adoracion06@abascal.es	2024-07-21 08:34:26
850	Guadalupe del Castell	guitartreyes@velasco.es	2024-11-18 15:30:46
851	Débora de Figuerola	victor22@agusti.com	2023-04-17 02:56:13
852	Nieves Palomar	silviacarrillo@bas.org	2022-11-08 12:58:30
853	María Belén Quintana Arrieta	ulises12@yahoo.com	2024-11-28 14:22:28
854	Isabela Saturnina Terrón Diaz	lucia73@yahoo.com	2022-04-01 12:59:58
855	Ágata Chaves Paredes	albanomontenegro@yahoo.com	2023-03-01 07:44:48
856	Severo Pol	ricartconcepcion@hotmail.com	2020-12-17 17:56:54
857	Milagros Aranda Cabrera	americo04@montalban-barrios.com	2023-09-19 12:55:04
858	Enrique Botella Mayo	trillomaura@yahoo.com	2021-06-09 22:35:22
859	Bonifacio Bru Castañeda	crescencia30@fabra-fiol.es	2021-12-23 19:38:23
860	Clarisa Mulet-Cuéllar	isidoro05@gmail.com	2022-02-02 23:15:10
861	Perlita Azorin Muro	bcabezas@segui.org	2022-04-06 06:21:22
862	Omar del Llobet	maritaolivares@gmail.com	2021-05-02 21:09:38
863	Adalberto Salas Quesada	eugeniaizaguirre@navas-cuellar.es	2020-01-23 07:10:52
864	Vasco Catalán Campoy	concha31@hotmail.com	2023-10-23 15:08:15
865	Óscar Montalbán-Mesa	lucianorivas@rocamora.es	2021-01-27 18:20:24
866	Dionisio Gaspar Vilaplana Rosales	feliciana01@marquez.org	2022-03-02 07:44:35
867	Benjamín Boada Catalá	ferranmarita@hotmail.com	2021-08-13 23:50:46
868	Bernarda Guardia Porta	maura32@hotmail.com	2023-02-05 23:04:32
869	Chus Úrsula Riquelme Martín	juan-luis92@reguera.es	2023-07-21 06:18:14
870	Adoración Amo Mariscal	npeinado@trujillo.org	2022-04-07 01:59:14
871	Esther Escrivá Pastor	palmira20@yahoo.com	2022-05-18 17:56:01
872	Ximena del Marqués	alexroda@yahoo.com	2024-03-19 09:29:15
873	Juan Bautista Arce-Serrano	manupalomar@chamorro.net	2021-11-24 04:09:58
874	María Jesús Rosales Cuevas	ssilva@yahoo.com	2022-04-24 20:10:01
875	Coral Aguilera-Viña	apaniagua@cuesta.com	2023-03-21 02:52:09
876	Rafael Busquets Cabezas	llobo@rio.com	2021-05-03 14:42:20
877	Baldomero Mulet Molina	vegacandela@donaire.com	2022-03-16 00:15:47
878	Rafael Parra-Romeu	tdelgado@vergara-burgos.es	2020-04-22 22:20:30
879	Zoraida Mariño Gonzalo	pcasanova@vall.net	2025-05-04 04:02:55
880	Rosalinda Porras Arteaga	jrosado@gmail.com	2020-11-15 04:12:39
881	Moreno Godofredo Vélez Maldonado	cmartin@gutierrez.com	2024-04-23 14:29:30
882	Heriberto Amo-Mínguez	samuel81@calzada.com	2020-02-21 20:11:11
883	Verónica Sandoval Rico	luchocorrea@gmail.com	2020-05-14 10:08:48
884	Teodoro Figueroa-Suarez	chusferrandiz@gmail.com	2024-08-02 18:31:20
885	Cebrián Palacio Díez	guadalupepena@hotmail.com	2025-08-11 17:19:34
886	Azucena Elías Blázquez	lorenzojeremias@gmail.com	2024-11-14 22:27:47
887	Nerea Juan-Pavón	aurora41@berenguer.org	2022-09-11 01:52:32
888	Pancho Timoteo Villaverde Sebastián	vinicio01@llobet.com	2021-02-22 12:34:26
889	Emilia Azeneth Quiroga Chaves	tlasa@ayala.com	2020-12-12 08:14:30
890	Omar Chico Santiago	ingridpardo@marques-saavedra.com	2023-04-14 21:37:51
891	Filomena Sanmiguel Heredia	colomafermin@gmail.com	2022-01-31 13:29:13
892	Guiomar Barros-Torrens	icortes@uribe-guillen.com	2025-05-19 08:26:07
893	Leticia Fabregat Egea	odalys70@valdes-sanchez.com	2023-01-06 08:13:33
894	Flor Marina Contreras Anaya	lalo34@izaguirre.es	2022-11-29 15:17:04
895	Luciana del Fernández	vitopalomar@yahoo.com	2021-11-06 10:07:32
896	Leocadio Ocaña Sanmartín	rebollojose-francisco@yahoo.com	2020-08-14 16:26:13
897	Hugo Palomo Torrent	elodiacarbajo@vicens-borja.net	2025-04-16 06:40:52
898	Ricarda Seguí Amat	marcordero@gmail.com	2020-03-12 13:41:39
899	Noé del Mariscal	gillopez@hotmail.com	2021-11-29 06:18:34
900	Marcial Ledesma Miró	ovilalta@hotmail.com	2025-01-06 15:04:22
901	Jose Linares Hurtado	domitila86@prat-tena.net	2025-03-04 03:14:39
902	Chus de Miralles	haroldovelasco@hotmail.com	2023-06-19 17:15:16
903	Virgilio Nogueira Castelló	pereafrancisca@marques.com	2023-06-09 00:21:09
904	Diana Velasco Pinto	guijarrodaniela@gmail.com	2023-01-13 19:17:09
905	Pía Olmedo Campo	brigidaiborra@alarcon-priego.es	2024-01-05 06:21:03
906	Salvador Pelayo Anglada	kposada@gmail.com	2020-03-19 06:20:49
907	Inmaculada Armengol Catalá	ainoalastra@barral.com	2024-01-01 17:04:40
908	Paulino Ciro Laguna Amaya	fortunatocarmona@gmail.com	2024-09-09 17:45:04
909	Elodia Anita Cabrera Guillén	merche98@gmail.com	2021-08-11 12:23:42
910	Hugo Carlito Montaña Rico	atiliosancho@valles.es	2024-10-31 06:46:12
911	Rosa María Bou Aparicio	rafaelamoros@sanz.es	2024-08-16 07:12:15
912	Fanny Martorell Torre	mateosantiago@gmail.com	2025-02-25 03:38:08
913	Alejo Ródenas Baró	merche42@saenz.es	2020-10-08 13:18:51
914	Virginia Castrillo Rojas	peinadopepita@gmail.com	2024-12-04 04:59:51
915	Irene Barrios Salinas	deborabarrios@gmail.com	2024-08-24 19:53:08
916	Gabriela Pinedo Alvarez	domitila74@yahoo.com	2023-01-05 10:58:06
917	Perla Echevarría	dsolsona@hotmail.com	2020-05-13 22:59:26
918	Manu Baeza González	isernmarcio@santamaria.com	2025-04-20 11:33:04
919	Malena Feijoo-Ortiz	fatimagracia@perera.com	2020-08-21 07:50:13
920	Vicente Roldán Estevez	aranzazu40@yahoo.com	2024-04-12 17:00:45
921	Marcos Miguel Mateu	jordizamora@hotmail.com	2024-06-07 08:11:43
922	Josué Gámez Aroca	vgonzalez@zamora-abad.net	2020-05-23 06:53:20
923	Beatriz Carnero Gibert	azucenagrande@hurtado-chico.com	2021-12-07 16:46:06
924	Godofredo Criado Sacristán	miriam53@hotmail.com	2020-02-09 01:15:57
925	Adrián de Villalba	julio97@ibanez-vinas.es	2021-01-22 02:28:37
926	Íngrid Encarnacion Trillo Pareja	armasetelvina@alonso.com	2023-10-21 08:31:22
927	Aura Guitart Agullo	mariavillalobos@gmail.com	2024-07-04 20:47:29
928	Adolfo Molina Pedrero	ibanezsalud@hotmail.com	2020-11-15 16:10:31
929	María Belén Rodriguez Luna	angelacasanovas@gallardo.com	2021-12-11 08:32:37
930	Magdalena Río Cabrero	armandonicolau@gual-barbera.org	2021-10-09 11:35:33
931	Ulises Rojas Roldan	narana@gmail.com	2022-06-14 16:28:01
932	Florina Robledo Lladó	cloejaume@gmail.com	2024-10-22 23:57:05
933	Belen Yuste Carrasco	agapito03@yahoo.com	2023-01-30 05:17:13
934	Macarena Casas Rico	llabrestania@arellano.es	2022-10-26 22:08:14
935	Juan Luis del Osuna	companybernardo@sola-silva.org	2023-01-16 06:35:16
936	Alcides Quesada Peinado	arcenydia@galindo-roldan.com	2020-12-03 02:46:55
937	Wilfredo Cazorla Casal	edgardo76@ribas.es	2024-04-21 19:09:59
938	José Leal	msolera@calvet.com	2021-01-03 15:50:13
939	Pascual Alejo Tolosa Gutiérrez	chucho73@hotmail.com	2025-07-10 07:10:23
940	Virgilio Olmedo-Cárdenas	cristina18@hotmail.com	2023-10-22 10:55:37
941	Azahar Coello Rosales	roxana64@salva.org	2025-01-23 10:48:54
942	Celestino Bermudez Morante	toribio02@hotmail.com	2020-08-08 23:57:43
943	Roberto Miralles	cruz40@noguera-bravo.es	2020-04-05 02:13:19
944	Sabas Ramírez Boix	juana24@segarra.es	2025-06-16 14:05:21
945	Ruy Bauzà-Tur	eustaquiofigueras@armas.com	2023-04-21 01:26:19
946	Alonso Carvajal Gimeno	montserratseveriano@chacon.com	2023-09-11 07:09:13
947	Tito Campos-Puga	rduenas@llopis-benitez.es	2022-10-05 04:52:01
948	Juana Seco Carballo	escolanomagdalena@hotmail.com	2020-10-24 04:44:08
949	Felix Robles	marcianocoronado@arellano.org	2023-05-14 01:31:44
950	Yolanda de Borja	bernardinoquintanilla@gmail.com	2024-01-14 17:37:30
951	Sancho Esteve Morell	duquemaria@montero.org	2024-03-13 14:44:57
952	Zaira Vilar Nadal	lisandro50@gmail.com	2025-03-31 01:28:51
953	Amílcar Heredia Arenas	anselma70@yahoo.com	2025-04-14 10:39:14
954	María Jesús Gertrudis Casals Molina	juan-bautista68@palomo-giron.com	2022-04-18 04:10:01
955	Anselmo Bernabé Gallart Borrás	qvilanova@hotmail.com	2024-05-14 07:34:23
956	Carlos Lobo-Huertas	luz77@pi.com	2023-07-27 13:27:38
957	Vicenta Ferrández-Puga	bernardinoagudo@yahoo.com	2020-05-14 02:18:37
958	Jose Ignacio Carreño Espejo	fcamino@oliveras.com	2021-10-31 14:40:30
959	Roberta de Valera	agustin38@gmail.com	2025-06-14 02:22:49
960	Tadeo Villanueva Jáuregui	xespejo@gonzalez.org	2022-12-22 19:03:29
961	Claudia Cabrero-Lago	barriosjulia@torrijos.com	2024-12-18 19:42:40
962	Paula Pavón	reciomirta@mosquera.net	2022-07-17 23:02:05
963	Hernando del Zamorano	leticiacarranza@tejera.com	2021-01-07 21:33:31
964	Daniel Barroso Rosell	galler@yahoo.com	2020-07-09 14:48:00
965	Reyes Barranco-Arcos	cluna@gmail.com	2021-10-16 02:43:47
966	Leandra Charo Lasa Torrijos	francisco-jose74@yahoo.com	2023-06-14 07:11:21
967	Óscar Narváez Vilar	manuelita67@hoz.com	2022-05-23 13:09:06
968	Ale Pou Esteve	carromerche@hotmail.com	2024-09-15 05:30:16
969	Valerio Torrents Menendez	lsimo@hotmail.com	2021-07-12 05:34:14
970	Guadalupe Pombo	dora95@gmail.com	2020-01-18 07:54:57
971	Julio César Carbajo-Luna	oarmas@anglada.com	2021-06-19 01:02:20
972	Gustavo Diaz Ródenas	paredescandida@cardona-luis.net	2022-07-27 01:08:48
973	Patricia del Soler	castanedasebastian@yahoo.com	2024-02-27 21:26:12
974	Wálter Juliá-Oliver	graumariana@mendizabal.net	2025-03-19 15:02:10
975	Patricio Vilalta Merino	adelinacarreras@barrios.org	2023-05-14 02:02:12
976	Aura Águila Mendizábal	josefaguzman@hotmail.com	2021-08-14 05:28:26
977	Guiomar Suarez Morán	lbecerra@agudo.es	2020-08-03 16:19:06
978	Aurelio de Gallardo	marcianopineda@arranz.es	2020-06-05 06:25:30
979	Jose Antonio Bilbao	jacintomaza@yahoo.com	2024-01-06 14:39:10
980	Rosa María Tormo Alvarado	timoteoribes@mate-rosa.es	2021-03-01 11:07:24
981	Gema Amo Tejero	domitilapuig@campoy.net	2020-11-02 22:52:23
982	Gaspar Clemente Cazorla	nmartorell@gmail.com	2025-03-07 12:31:25
983	Cleto Tito Ayuso Porta	teresita70@hotmail.com	2022-04-11 20:33:38
984	Victoriano Acevedo Lobo	begonarosales@mayoral.es	2024-08-02 19:19:36
985	Rosenda Pons Uriarte	qvendrell@gmail.com	2020-03-28 17:12:32
986	Dora Valera Francisco	cortescalista@hotmail.com	2025-03-13 17:55:29
987	Rosalía María Cristina Alberto Boada	qisern@gmail.com	2021-07-25 05:39:39
988	Víctor Salcedo-Mercader	tamaramanrique@sanabria.org	2025-01-21 20:06:59
989	Alex Serrano Roldán	lorenza38@corominas.com	2025-01-13 15:15:14
990	Nilda Palomares	ursulaanguita@hotmail.com	2021-01-23 23:17:40
991	Reyes Villa-Quintanilla	florentina12@yahoo.com	2020-10-08 04:17:45
992	Gala Nélida Bastida Ordóñez	alcantararenato@marin-serra.com	2025-06-04 11:13:46
993	Pastora Orozco Nebot	tolmo@yahoo.com	2024-11-04 15:38:28
994	Fausto Pinto Mendez	sofia77@prat-escolano.es	2024-09-30 06:02:55
995	Luis Miguel Luque-Salom	jeronimo84@coll-gutierrez.com	2020-06-03 00:44:38
996	Flavio Portillo Lladó	tvera@gomis.es	2024-09-26 07:13:54
997	Teodoro Cano Antón	selenabelmonte@gmail.com	2020-08-28 09:49:42
998	Samu Gracia Puerta	pblanch@yahoo.com	2021-10-01 10:40:34
999	Hilda Peral Garriga	teodosio34@mulet.es	2024-07-25 23:04:06
1000	Teófila de Palmer	olgaamo@cuevas.es	2024-12-27 06:22:07
\.


--
-- Name: categories_category_id_seq; Type: SEQUENCE SET; Schema: public; Owner: Christian_Cazorla
--

SELECT pg_catalog.setval('public.categories_category_id_seq', 1, false);


--
-- Name: continent_code_seq; Type: SEQUENCE SET; Schema: public; Owner: Christian_Cazorla
--

SELECT pg_catalog.setval('public.continent_code_seq', 1, false);


--
-- Name: language_code_seq; Type: SEQUENCE SET; Schema: public; Owner: Christian_Cazorla
--

SELECT pg_catalog.setval('public.language_code_seq', 457, true);


--
-- Name: orders_order_id_seq; Type: SEQUENCE SET; Schema: public; Owner: Christian_Cazorla
--

SELECT pg_catalog.setval('public.orders_order_id_seq', 1, false);


--
-- Name: products_product_id_seq; Type: SEQUENCE SET; Schema: public; Owner: Christian_Cazorla
--

SELECT pg_catalog.setval('public.products_product_id_seq', 1, false);


--
-- Name: reviews_review_id_seq; Type: SEQUENCE SET; Schema: public; Owner: Christian_Cazorla
--

SELECT pg_catalog.setval('public.reviews_review_id_seq', 1, false);


--
-- Name: users_user_id_seq; Type: SEQUENCE SET; Schema: public; Owner: Christian_Cazorla
--

SELECT pg_catalog.setval('public.users_user_id_seq', 1, false);


--
-- Name: categories categories_pkey; Type: CONSTRAINT; Schema: public; Owner: Christian_Cazorla
--

ALTER TABLE ONLY public.categories
    ADD CONSTRAINT categories_pkey PRIMARY KEY (category_id);


--
-- Name: orderdetails orderdetails_pkey; Type: CONSTRAINT; Schema: public; Owner: Christian_Cazorla
--

ALTER TABLE ONLY public.orderdetails
    ADD CONSTRAINT orderdetails_pkey PRIMARY KEY (order_id, product_id);


--
-- Name: orders orders_pkey; Type: CONSTRAINT; Schema: public; Owner: Christian_Cazorla
--

ALTER TABLE ONLY public.orders
    ADD CONSTRAINT orders_pkey PRIMARY KEY (order_id);


--
-- Name: products products_pkey; Type: CONSTRAINT; Schema: public; Owner: Christian_Cazorla
--

ALTER TABLE ONLY public.products
    ADD CONSTRAINT products_pkey PRIMARY KEY (product_id);


--
-- Name: reviews reviews_pkey; Type: CONSTRAINT; Schema: public; Owner: Christian_Cazorla
--

ALTER TABLE ONLY public.reviews
    ADD CONSTRAINT reviews_pkey PRIMARY KEY (review_id);


--
-- Name: users users_email_key; Type: CONSTRAINT; Schema: public; Owner: Christian_Cazorla
--

ALTER TABLE ONLY public.users
    ADD CONSTRAINT users_email_key UNIQUE (email);


--
-- Name: users users_pkey; Type: CONSTRAINT; Schema: public; Owner: Christian_Cazorla
--

ALTER TABLE ONLY public.users
    ADD CONSTRAINT users_pkey PRIMARY KEY (user_id);


--
-- Name: orderdetails orderdetails_order_id_fkey; Type: FK CONSTRAINT; Schema: public; Owner: Christian_Cazorla
--

ALTER TABLE ONLY public.orderdetails
    ADD CONSTRAINT orderdetails_order_id_fkey FOREIGN KEY (order_id) REFERENCES public.orders(order_id);


--
-- Name: orderdetails orderdetails_product_id_fkey; Type: FK CONSTRAINT; Schema: public; Owner: Christian_Cazorla
--

ALTER TABLE ONLY public.orderdetails
    ADD CONSTRAINT orderdetails_product_id_fkey FOREIGN KEY (product_id) REFERENCES public.products(product_id);


--
-- Name: orders orders_user_id_fkey; Type: FK CONSTRAINT; Schema: public; Owner: Christian_Cazorla
--

ALTER TABLE ONLY public.orders
    ADD CONSTRAINT orders_user_id_fkey FOREIGN KEY (user_id) REFERENCES public.users(user_id);


--
-- Name: products products_category_id_fkey; Type: FK CONSTRAINT; Schema: public; Owner: Christian_Cazorla
--

ALTER TABLE ONLY public.products
    ADD CONSTRAINT products_category_id_fkey FOREIGN KEY (category_id) REFERENCES public.categories(category_id);


--
-- Name: reviews reviews_product_id_fkey; Type: FK CONSTRAINT; Schema: public; Owner: Christian_Cazorla
--

ALTER TABLE ONLY public.reviews
    ADD CONSTRAINT reviews_product_id_fkey FOREIGN KEY (product_id) REFERENCES public.products(product_id);


--
-- Name: reviews reviews_user_id_fkey; Type: FK CONSTRAINT; Schema: public; Owner: Christian_Cazorla
--

ALTER TABLE ONLY public.reviews
    ADD CONSTRAINT reviews_user_id_fkey FOREIGN KEY (user_id) REFERENCES public.users(user_id);


--
-- PostgreSQL database dump complete
--

