order_id,user_id,order_date
1,444,2025-08-16 06:55:58
2,479,2025-03-07 20:27:27
3,870,2025-06-25 11:23:26
4,296,2025-08-15 09:38:00
5,403,2025-05-11 11:52:37
6,383,2025-01-25 18:48:24
7,63,2025-04-23 14:53:13
8,408,2025-06-25 09:30:59
9,480,2025-04-14 16:26:20
10,714,2025-04-16 17:00:10
11,84,2025-06-17 21:25:49
12,171,2025-03-27 05:32:50
13,809,2025-01-17 22:13:53
14,363,2025-01-06 14:50:26
15,344,2025-02-05 19:24:33
16,620,2025-07-23 20:27:14
17,578,2025-07-17 08:17:41
18,238,2025-07-29 21:00:53
19,311,2025-03-20 10:40:42
20,768,2025-03-04 01:28:14
21,609,2025-03-15 09:44:00
22,26,2025-07-28 16:14:55
23,908,2025-04-22 09:25:09
24,607,2025-02-05 02:41:05
25,879,2025-02-14 10:07:08
26,134,2025-05-21 21:43:31
27,5,2025-01-30 16:36:02
28,192,2025-03-16 02:28:29
29,99,2025-05-19 05:37:00
30,876,2025-03-14 12:07:29
31,46,2025-04-04 11:58:09
32,63,2025-05-29 07:28:01
33,302,2025-01-07 12:52:09
34,866,2025-03-25 22:09:58
35,937,2025-04-11 18:47:39
36,363,2025-08-18 11:26:38
37,965,2025-07-06 19:48:44
38,816,2025-05-21 10:41:23
39,311,2025-07-22 01:37:25
40,982,2025-03-16 03:54:26
41,139,2025-01-04 04:58:50
42,539,2025-08-01 00:19:26
43,244,2025-08-14 13:57:48
44,836,2025-04-01 16:32:12
45,431,2025-05-24 23:35:00
46,720,2025-05-23 10:34:17
47,151,2025-01-16 02:31:20
48,321,2025-04-10 16:48:12
49,501,2025-01-01 10:39:16
50,35,2025-02-12 17:12:39
51,955,2025-02-24 00:14:55
52,394,2025-01-01 04:16:46
53,391,2025-04-28 21:24:13
54,768,2025-08-11 22:57:19
55,879,2025-03-01 04:57:51
56,183,2025-08-14 16:09:51
57,741,2025-04-11 20:32:11
58,622,2025-07-22 16:28:32
59,948,2025-06-10 12:31:06
60,340,2025-06-10 06:51:22
61,934,2025-07-28 16:49:20
62,235,2025-02-14 22:30:10
63,428,2025-02-01 11:09:51
64,918,2025-07-04 03:54:26
65,879,2025-04-20 20:13:06
66,617,2025-03-20 01:52:00
67,197,2025-01-21 22:41:21
68,217,2025-07-16 16:14:23
69,722,2025-03-16 13:06:12
70,590,2025-08-05 03:12:29
71,966,2025-07-04 10:51:25
72,384,2025-05-04 19:53:20
73,101,2025-04-24 08:14:09
74,607,2025-03-20 03:26:35
75,989,2025-03-24 00:38:15
76,769,2025-05-30 19:40:47
77,217,2025-02-10 18:48:34
78,600,2025-04-03 02:36:49
79,73,2025-02-02 09:39:30
80,551,2025-02-08 16:37:17
81,157,2025-05-17 19:00:24
82,156,2025-02-13 03:30:32
83,402,2025-03-10 15:44:14
84,967,2025-04-29 10:30:58
85,907,2025-01-31 00:19:53
86,724,2025-01-17 18:58:24
87,600,2025-08-18 23:50:48
88,783,2025-07-09 20:44:04
89,465,2025-01-02 18:48:35
90,298,2025-05-22 02:44:57
91,818,2025-01-02 22:41:10
92,119,2025-02-27 06:45:29
93,939,2025-05-03 01:16:26
94,445,2025-06-02 14:41:25
95,497,2025-01-03 21:34:53
96,20,2025-08-03 10:30:11
97,768,2025-06-12 13:44:32
98,525,2025-05-25 17:39:14
99,156,2025-06-13 22:50:49
100,322,2025-01-11 18:59:10
101,327,2025-02-15 09:30:15
102,434,2025-03-06 12:21:44
103,5,2025-03-15 18:23:44
104,640,2025-06-15 23:01:12
105,588,2025-08-03 16:15:47
106,853,2025-07-06 20:30:51
107,74,2025-07-30 21:45:29
108,286,2025-08-04 09:37:10
109,571,2025-08-10 17:57:19
110,851,2025-06-03 22:10:07
111,433,2025-06-15 18:21:27
112,414,2025-02-21 17:39:59
113,391,2025-01-11 03:35:46
114,807,2025-04-05 09:11:51
115,915,2025-07-12 07:24:00
116,152,2025-04-18 07:17:19
117,816,2025-05-21 01:19:20
118,869,2025-03-12 23:41:24
119,971,2025-07-06 14:47:15
120,649,2025-03-27 20:31:21
121,375,2025-06-19 17:34:30
122,744,2025-03-08 15:51:51
123,791,2025-04-04 04:14:11
124,626,2025-01-07 15:11:13
125,860,2025-02-12 01:40:11
126,32,2025-07-10 18:34:07
127,764,2025-02-15 22:57:20
128,33,2025-07-02 15:19:10
129,469,2025-07-29 15:58:18
130,503,2025-06-15 02:18:43
131,177,2025-07-11 01:43:50
132,172,2025-04-25 13:19:14
133,755,2025-05-03 09:30:57
134,117,2025-04-29 07:09:48
135,339,2025-02-08 11:10:50
136,898,2025-02-21 02:19:22
137,567,2025-04-10 06:37:28
138,86,2025-07-28 15:57:01
139,189,2025-06-03 18:32:12
140,913,2025-04-08 10:22:40
141,741,2025-07-02 19:07:29
142,139,2025-07-04 11:02:11
143,498,2025-06-24 14:17:32
144,390,2025-06-28 16:35:03
145,953,2025-01-03 05:13:43
146,150,2025-05-21 05:23:35
147,557,2025-05-09 05:37:47
148,169,2025-06-28 20:46:30
149,921,2025-05-30 19:15:55
150,810,2025-06-27 03:17:52
151,906,2025-01-21 09:27:59
152,414,2025-04-19 01:06:16
153,322,2025-07-03 00:50:13
154,548,2025-07-14 12:32:13
155,347,2025-04-12 05:35:58
156,750,2025-07-20 10:27:13
157,260,2025-01-03 19:23:03
158,601,2025-04-18 02:45:19
159,183,2025-04-18 15:36:05
160,630,2025-06-13 13:07:48
161,442,2025-03-13 14:07:53
162,714,2025-04-10 11:58:09
163,48,2025-02-24 03:30:23
164,106,2025-06-24 06:00:12
165,141,2025-05-07 23:47:44
166,110,2025-05-05 11:42:56
167,151,2025-03-03 04:11:19
168,638,2025-03-31 15:59:28
169,123,2025-03-01 06:53:30
170,282,2025-02-13 01:33:34
171,85,2025-02-18 20:55:50
172,392,2025-04-26 00:40:38
173,614,2025-05-13 00:39:44
174,208,2025-01-03 07:13:45
175,678,2025-04-09 02:17:21
176,400,2025-08-06 12:19:43
177,207,2025-05-13 10:04:00
178,729,2025-02-24 11:08:23
179,876,2025-02-22 14:48:59
180,967,2025-04-01 14:30:57
181,903,2025-06-21 20:03:05
182,113,2025-02-28 17:54:56
183,287,2025-04-25 08:45:48
184,626,2025-07-12 03:17:22
185,628,2025-05-30 20:49:57
186,509,2025-07-20 04:31:18
187,874,2025-07-02 15:34:58
188,178,2025-03-02 01:52:47
189,411,2025-05-30 18:00:03
190,53,2025-04-03 23:01:24
191,860,2025-05-28 14:47:12
192,522,2025-03-14 06:42:55
193,798,2025-01-09 22:05:03
194,881,2025-05-18 12:48:16
195,747,2025-03-14 17:48:06
196,357,2025-01-31 01:52:02
197,635,2025-07-22 07:26:35
198,327,2025-07-04 01:43:05
199,166,2025-06-26 18:07:56
200,718,2025-01-14 04:50:04
201,324,2025-08-16 04:22:27
202,989,2025-04-02 01:36:25
203,338,2025-02-02 23:21:50
204,613,2025-01-14 14:32:28
205,242,2025-02-04 02:04:37
206,801,2025-04-16 18:58:08
207,712,2025-07-11 06:07:37
208,768,2025-02-15 20:47:57
209,835,2025-03-26 15:40:38
210,698,2025-02-05 02:00:19
211,313,2025-04-27 04:57:28
212,285,2025-08-05 22:51:18
213,736,2025-04-29 23:03:25
214,79,2025-07-18 09:39:25
215,483,2025-01-19 12:56:57
216,562,2025-08-09 21:38:20
217,783,2025-01-20 17:57:49
218,551,2025-07-13 07:05:19
219,266,2025-01-08 16:47:44
220,760,2025-02-01 07:03:55
221,490,2025-01-02 23:42:15
222,698,2025-08-17 02:36:54
223,665,2025-05-30 21:58:40
224,668,2025-01-18 01:28:59
225,208,2025-07-22 10:05:41
226,443,2025-06-05 22:43:29
227,585,2025-03-19 07:08:31
228,275,2025-07-18 06:39:37
229,733,2025-07-12 19:39:30
230,908,2025-06-10 22:35:41
231,364,2025-06-22 15:04:45
232,763,2025-04-01 05:26:54
233,168,2025-03-01 14:23:46
234,704,2025-06-13 15:04:45
235,508,2025-04-21 08:01:14
236,678,2025-05-26 20:16:28
237,285,2025-01-03 17:51:17
238,72,2025-03-30 01:58:27
239,687,2025-07-10 19:01:16
240,175,2025-07-09 13:25:49
241,403,2025-04-21 13:45:34
242,650,2025-01-06 05:32:07
243,589,2025-05-15 09:55:53
244,785,2025-05-26 07:57:25
245,350,2025-02-17 17:09:46
246,149,2025-03-30 00:58:44
247,348,2025-04-29 22:53:28
248,480,2025-01-30 12:54:01
249,370,2025-04-10 17:14:11
250,275,2025-01-17 17:28:40
251,261,2025-04-01 02:55:17
252,822,2025-02-20 00:20:01
253,425,2025-07-12 17:09:15
254,820,2025-02-19 07:39:23
255,432,2025-06-13 20:07:41
256,228,2025-02-19 12:17:38
257,428,2025-07-30 11:37:44
258,245,2025-06-23 09:50:03
259,414,2025-01-28 19:39:05
260,149,2025-03-03 06:27:31
261,679,2025-03-31 05:34:32
262,619,2025-02-18 03:53:59
263,474,2025-01-11 08:50:10
264,363,2025-01-27 01:38:56
265,50,2025-02-26 03:55:22
266,411,2025-08-08 01:43:46
267,238,2025-05-22 13:37:01
268,317,2025-05-19 03:56:54
269,955,2025-05-27 03:19:27
270,776,2025-05-14 23:40:57
271,888,2025-02-24 02:10:27
272,134,2025-01-30 21:08:01
273,348,2025-07-14 16:45:33
274,135,2025-08-07 22:23:57
275,248,2025-06-18 00:51:55
276,241,2025-04-07 02:27:33
277,710,2025-05-14 08:18:45
278,649,2025-02-09 00:57:25
279,230,2025-07-21 18:57:35
280,519,2025-05-24 14:48:07
281,279,2025-05-22 15:18:15
282,31,2025-06-21 21:42:54
283,545,2025-04-03 06:01:41
284,726,2025-03-14 11:47:47
285,766,2025-02-23 07:08:32
286,628,2025-01-11 05:20:59
287,45,2025-07-29 01:54:17
288,684,2025-06-29 01:47:44
289,696,2025-08-11 10:45:28
290,297,2025-01-01 01:08:26
291,381,2025-04-30 19:54:40
292,740,2025-05-08 06:18:17
293,920,2025-08-11 02:58:02
294,162,2025-05-31 10:00:27
295,312,2025-07-11 23:27:25
296,692,2025-08-07 20:16:01
297,86,2025-06-11 11:58:41
298,968,2025-06-04 06:19:40
299,988,2025-06-18 09:17:45
300,489,2025-01-15 01:30:00
301,756,2025-01-24 22:58:48
302,688,2025-02-18 19:05:23
303,602,2025-04-07 04:37:44
304,963,2025-08-09 17:13:29
305,112,2025-08-13 11:29:34
306,644,2025-03-17 12:00:38
307,6,2025-06-24 18:17:41
308,696,2025-01-01 22:41:40
309,467,2025-08-05 16:48:05
310,91,2025-05-30 01:04:01
311,747,2025-06-29 06:55:55
312,440,2025-01-26 01:57:20
313,711,2025-04-23 09:32:44
314,620,2025-01-13 04:46:07
315,775,2025-06-04 04:40:31
316,255,2025-03-25 06:25:31
317,611,2025-01-27 00:57:49
318,561,2025-02-07 10:41:29
319,684,2025-07-16 06:26:24
320,395,2025-05-01 04:44:48
321,480,2025-08-09 03:58:04
322,124,2025-06-15 13:14:58
323,620,2025-03-09 10:12:21
324,983,2025-04-24 04:13:35
325,505,2025-01-22 08:25:10
326,752,2025-08-17 05:47:14
327,838,2025-02-22 01:45:23
328,111,2025-06-25 16:05:29
329,923,2025-04-13 23:59:51
330,464,2025-01-26 06:02:21
331,345,2025-01-17 21:18:59
332,86,2025-03-13 13:46:21
333,291,2025-03-22 08:27:40
334,238,2025-06-12 20:39:32
335,457,2025-08-14 18:04:39
336,291,2025-03-27 19:01:32
337,971,2025-03-20 15:22:22
338,847,2025-07-09 21:26:40
339,810,2025-08-15 04:55:40
340,334,2025-06-11 07:59:45
341,67,2025-03-02 02:41:33
342,529,2025-03-31 07:38:18
343,560,2025-06-20 15:13:02
344,629,2025-04-25 08:45:29
345,537,2025-03-09 00:27:57
346,541,2025-02-21 00:43:52
347,428,2025-01-18 13:21:28
348,631,2025-05-31 15:20:37
349,418,2025-02-19 17:51:04
350,867,2025-04-26 15:09:43
351,954,2025-06-19 06:25:00
352,273,2025-06-30 12:32:34
353,998,2025-01-13 04:33:46
354,973,2025-07-16 05:29:52
355,63,2025-02-07 11:19:16
356,551,2025-05-16 09:27:17
357,272,2025-02-06 10:32:52
358,765,2025-02-21 20:05:26
359,477,2025-04-13 01:10:38
360,92,2025-01-24 01:14:32
361,163,2025-03-26 15:54:30
362,771,2025-01-11 13:59:58
363,734,2025-03-30 16:27:32
364,475,2025-01-30 18:16:04
365,754,2025-02-27 07:36:45
366,35,2025-07-16 01:49:34
367,467,2025-02-03 11:37:39
368,541,2025-08-11 11:44:10
369,969,2025-08-02 04:43:34
370,957,2025-03-20 10:47:53
371,851,2025-04-19 04:17:38
372,53,2025-04-13 07:22:26
373,172,2025-05-06 09:18:07
374,370,2025-02-12 18:20:10
375,724,2025-05-19 04:57:28
376,138,2025-01-01 12:13:16
377,6,2025-06-20 02:24:45
378,390,2025-04-25 17:51:49
379,670,2025-05-05 00:03:26
380,579,2025-08-08 09:29:51
381,507,2025-02-15 01:32:28
382,922,2025-02-07 02:00:40
383,615,2025-06-17 02:20:14
384,574,2025-07-03 00:51:37
385,906,2025-06-10 00:59:00
386,370,2025-05-07 14:00:58
387,915,2025-08-06 10:35:26
388,365,2025-05-26 21:09:57
389,795,2025-04-23 12:53:31
390,635,2025-07-09 15:07:54
391,735,2025-02-25 01:02:42
392,551,2025-01-29 22:58:44
393,974,2025-04-05 18:03:54
394,215,2025-03-13 08:48:55
395,980,2025-03-15 00:40:27
396,471,2025-08-09 18:19:16
397,234,2025-01-10 08:13:47
398,707,2025-04-12 07:15:19
399,659,2025-06-30 05:40:07
400,851,2025-02-28 21:02:58
401,389,2025-04-11 12:23:37
402,596,2025-01-16 14:11:00
403,32,2025-06-09 01:41:14
404,112,2025-07-17 23:22:09
405,387,2025-03-24 13:43:23
406,787,2025-03-14 09:42:53
407,126,2025-06-18 05:06:25
408,757,2025-05-17 03:38:12
409,334,2025-05-21 13:12:51
410,395,2025-06-01 14:11:21
411,143,2025-07-12 09:18:39
412,598,2025-02-22 17:33:46
413,493,2025-03-27 08:17:38
414,174,2025-02-01 01:15:55
415,299,2025-07-21 22:36:04
416,476,2025-05-06 11:30:15
417,3,2025-04-25 05:17:49
418,265,2025-06-20 07:51:42
419,987,2025-08-17 02:32:10
420,890,2025-07-16 00:34:46
421,518,2025-04-19 04:11:53
422,255,2025-08-13 17:43:53
423,819,2025-08-18 03:58:16
424,85,2025-04-11 11:44:12
425,345,2025-08-12 14:35:13
426,609,2025-01-15 18:18:24
427,744,2025-06-20 23:01:37
428,750,2025-05-18 13:35:54
429,568,2025-03-03 01:14:25
430,718,2025-03-28 08:16:03
431,167,2025-04-01 04:44:26
432,332,2025-07-14 23:16:23
433,252,2025-02-27 17:50:50
434,125,2025-01-10 13:25:07
435,251,2025-01-14 18:50:05
436,447,2025-06-26 00:42:13
437,9,2025-08-12 19:26:25
438,181,2025-07-25 00:04:39
439,575,2025-03-28 23:46:27
440,711,2025-02-15 16:00:29
441,712,2025-02-09 02:41:49
442,583,2025-05-21 00:18:29
443,250,2025-04-24 07:49:32
444,919,2025-04-19 03:42:00
445,399,2025-05-06 00:11:35
446,192,2025-04-19 18:28:53
447,276,2025-08-06 21:10:02
448,468,2025-04-10 10:26:23
449,86,2025-07-16 00:36:16
450,45,2025-07-02 07:45:06
451,506,2025-04-16 00:19:40
452,623,2025-01-20 00:43:58
453,123,2025-01-07 22:56:00
454,291,2025-08-07 08:45:34
455,369,2025-04-02 06:19:09
456,348,2025-03-12 22:32:18
457,541,2025-08-05 16:21:52
458,979,2025-07-04 16:20:31
459,184,2025-03-24 05:15:43
460,839,2025-07-17 12:24:25
461,343,2025-02-15 19:13:35
462,874,2025-07-13 23:51:54
463,240,2025-05-28 11:16:46
464,774,2025-04-04 15:41:41
465,298,2025-06-27 18:56:50
466,582,2025-04-23 07:48:59
467,896,2025-08-11 23:57:26
468,170,2025-03-07 19:19:51
469,907,2025-05-20 20:39:15
470,594,2025-05-22 19:20:16
471,359,2025-02-27 00:54:57
472,239,2025-04-01 12:33:57
473,186,2025-02-14 00:52:46
474,716,2025-07-25 14:11:40
475,348,2025-01-06 00:15:45
476,634,2025-04-09 16:28:14
477,287,2025-03-21 07:16:12
478,238,2025-01-01 04:02:51
479,221,2025-06-19 03:23:27
480,491,2025-08-14 12:29:03
481,119,2025-01-08 10:41:24
482,176,2025-05-30 20:48:12
483,89,2025-08-07 16:22:56
484,201,2025-06-07 15:46:55
485,193,2025-02-24 15:35:34
486,627,2025-08-07 05:35:39
487,396,2025-01-05 01:40:39
488,334,2025-02-14 02:13:09
489,910,2025-02-07 08:46:28
490,387,2025-06-01 23:40:35
491,680,2025-02-22 15:05:04
492,401,2025-04-07 21:42:53
493,15,2025-06-04 04:58:46
494,631,2025-04-15 05:34:25
495,689,2025-01-16 09:04:01
496,259,2025-05-22 12:01:47
497,465,2025-02-09 21:05:32
498,746,2025-08-09 00:26:20
499,853,2025-07-07 19:38:34
500,827,2025-06-30 03:00:14
501,733,2025-01-14 07:58:42
502,127,2025-01-06 04:51:40
503,568,2025-06-15 08:34:58
504,98,2025-04-24 02:14:37
505,520,2025-02-08 10:24:27
506,317,2025-03-29 15:27:24
507,245,2025-04-15 20:41:29
508,427,2025-03-24 21:40:05
509,755,2025-02-02 16:48:41
510,349,2025-05-25 08:27:07
511,810,2025-08-07 13:27:18
512,704,2025-05-30 17:01:44
513,336,2025-01-03 00:32:06
514,201,2025-07-02 12:56:30
515,175,2025-01-23 08:03:36
516,66,2025-05-23 19:20:37
517,372,2025-05-12 22:34:39
518,963,2025-02-11 22:59:56
519,973,2025-03-27 00:01:07
520,632,2025-05-03 00:06:08
521,849,2025-08-02 15:15:44
522,638,2025-06-20 10:39:35
523,768,2025-03-22 18:40:32
524,104,2025-05-01 09:55:08
525,482,2025-01-16 19:35:45
526,733,2025-06-13 00:58:29
527,175,2025-02-26 11:45:25
528,224,2025-08-18 13:59:51
529,525,2025-08-11 13:30:22
530,805,2025-03-10 17:39:48
531,861,2025-07-11 13:26:45
532,37,2025-04-12 01:25:56
533,346,2025-07-18 17:29:02
534,184,2025-05-16 01:37:57
535,495,2025-05-19 22:08:20
536,199,2025-05-15 08:45:49
537,80,2025-05-04 01:47:47
538,318,2025-07-27 07:42:58
539,917,2025-08-08 09:02:56
540,746,2025-08-14 11:18:24
541,51,2025-02-04 22:12:01
542,475,2025-02-27 13:38:17
543,271,2025-01-26 07:55:23
544,322,2025-04-22 01:24:44
545,702,2025-05-15 10:49:06
546,165,2025-04-13 01:45:52
547,733,2025-02-12 12:20:55
548,934,2025-04-21 05:17:04
549,466,2025-03-12 15:25:59
550,211,2025-06-19 03:25:43
551,19,2025-04-14 02:07:59
552,711,2025-04-25 16:37:26
553,125,2025-05-03 04:58:28
554,115,2025-03-29 01:33:49
555,199,2025-07-08 01:35:17
556,5,2025-06-15 17:20:27
557,188,2025-08-10 16:14:56
558,103,2025-04-20 23:43:11
559,306,2025-06-02 10:41:06
560,62,2025-05-21 12:41:43
561,836,2025-05-04 03:28:11
562,828,2025-05-08 12:37:29
563,114,2025-07-23 22:09:52
564,44,2025-08-01 12:50:48
565,184,2025-05-09 00:57:45
566,695,2025-02-02 14:02:19
567,755,2025-03-09 03:31:25
568,318,2025-06-08 08:02:02
569,159,2025-06-06 00:36:15
570,526,2025-01-17 13:05:54
571,34,2025-06-17 17:23:04
572,112,2025-04-06 09:10:13
573,926,2025-02-26 16:01:50
574,680,2025-03-04 21:49:47
575,412,2025-02-03 07:24:29
576,68,2025-05-29 20:02:41
577,366,2025-07-25 03:15:33
578,627,2025-02-06 10:41:38
579,411,2025-06-02 21:10:04
580,590,2025-01-25 00:46:06
581,455,2025-03-30 17:38:27
582,668,2025-03-09 02:25:19
583,870,2025-05-28 23:04:56
584,711,2025-01-07 22:59:35
585,718,2025-03-12 02:53:29
586,212,2025-03-26 18:10:07
587,326,2025-03-29 10:14:00
588,555,2025-07-24 17:17:53
589,936,2025-07-07 00:38:21
590,529,2025-01-19 21:55:37
591,298,2025-05-02 01:32:12
592,910,2025-08-04 11:27:45
593,645,2025-04-02 11:07:08
594,401,2025-04-14 09:04:45
595,91,2025-02-06 19:34:19
596,627,2025-04-13 02:12:16
597,942,2025-02-02 06:25:30
598,12,2025-02-17 06:59:42
599,80,2025-04-07 22:59:47
600,671,2025-01-19 04:46:36
601,618,2025-05-13 03:35:46
602,877,2025-02-24 15:18:19
603,596,2025-03-26 03:55:11
604,623,2025-03-31 18:19:32
605,355,2025-02-01 07:10:51
606,902,2025-02-17 10:21:49
607,18,2025-01-26 04:11:41
608,377,2025-03-14 16:27:30
609,945,2025-06-24 11:55:20
610,946,2025-04-08 19:10:24
611,154,2025-06-21 03:44:44
612,436,2025-02-02 03:26:32
613,191,2025-07-22 18:49:56
614,60,2025-08-08 23:08:53
615,46,2025-03-11 04:57:03
616,369,2025-02-10 02:50:04
617,896,2025-04-18 14:29:10
618,566,2025-07-09 14:15:32
619,963,2025-01-18 13:07:04
620,33,2025-02-13 17:41:03
621,968,2025-03-28 07:56:54
622,782,2025-05-04 06:20:28
623,912,2025-04-26 18:12:40
624,427,2025-08-14 22:45:24
625,326,2025-03-07 04:29:51
626,132,2025-06-05 06:19:08
627,912,2025-07-15 07:49:47
628,76,2025-03-14 10:41:36
629,895,2025-06-23 00:48:30
630,15,2025-03-19 06:02:10
631,177,2025-01-25 10:40:33
632,239,2025-01-16 06:39:31
633,306,2025-05-27 14:25:43
634,311,2025-04-04 15:06:13
635,183,2025-05-09 02:31:19
636,1,2025-08-11 01:08:52
637,371,2025-04-22 03:32:56
638,570,2025-05-12 09:10:27
639,392,2025-06-12 16:40:10
640,334,2025-07-29 03:08:57
641,961,2025-01-20 13:08:09
642,340,2025-03-08 15:23:48
643,208,2025-01-25 22:34:53
644,540,2025-07-02 19:37:40
645,567,2025-04-01 03:26:35
646,469,2025-08-13 20:06:47
647,500,2025-04-06 06:01:39
648,834,2025-08-18 03:03:18
649,241,2025-02-08 13:30:05
650,788,2025-08-14 15:35:32
651,845,2025-02-03 00:47:10
652,33,2025-07-01 00:55:42
653,135,2025-05-30 21:17:27
654,729,2025-03-20 00:19:07
655,768,2025-05-15 01:45:56
656,410,2025-05-24 23:23:29
657,155,2025-04-27 18:32:09
658,279,2025-01-09 23:24:09
659,58,2025-04-21 00:06:16
660,556,2025-03-04 18:02:58
661,961,2025-07-03 13:28:29
662,71,2025-03-16 08:07:01
663,336,2025-06-09 00:30:42
664,115,2025-01-04 13:46:37
665,323,2025-02-20 10:36:08
666,997,2025-05-11 04:23:04
667,436,2025-06-01 03:24:45
668,364,2025-02-20 07:37:34
669,777,2025-02-12 22:30:39
670,843,2025-03-29 01:09:19
671,661,2025-07-23 21:08:26
672,741,2025-08-08 06:44:23
673,425,2025-04-01 01:52:36
674,501,2025-03-28 15:10:55
675,230,2025-05-13 08:47:53
676,158,2025-06-24 04:17:51
677,658,2025-07-20 02:50:46
678,908,2025-02-21 21:09:37
679,255,2025-02-08 10:58:52
680,495,2025-06-02 09:26:32
681,482,2025-07-17 02:33:47
682,325,2025-05-24 04:02:28
683,729,2025-05-12 23:01:43
684,439,2025-04-25 18:50:40
685,548,2025-07-08 15:08:39
686,103,2025-05-20 11:04:09
687,221,2025-04-19 19:42:34
688,277,2025-01-04 19:24:11
689,544,2025-07-07 02:27:14
690,308,2025-07-14 03:48:10
691,803,2025-01-29 23:59:50
692,181,2025-01-23 01:04:20
693,139,2025-06-15 12:06:07
694,449,2025-05-26 00:32:56
695,923,2025-06-27 18:48:45
696,156,2025-04-03 03:17:14
697,554,2025-04-16 11:37:15
698,889,2025-08-14 04:51:55
699,218,2025-06-17 09:19:36
700,123,2025-06-18 23:05:57
701,733,2025-07-15 20:16:37
702,327,2025-03-29 06:16:49
703,230,2025-01-12 05:37:47
704,525,2025-02-11 10:34:54
705,313,2025-01-16 06:59:58
706,714,2025-05-27 01:29:50
707,450,2025-02-22 08:18:55
708,97,2025-07-01 03:24:40
709,89,2025-07-11 16:27:16
710,787,2025-03-17 11:22:22
711,777,2025-04-21 22:54:46
712,143,2025-05-11 07:11:31
713,583,2025-03-07 08:49:39
714,731,2025-05-20 12:13:09
715,995,2025-01-29 18:24:41
716,748,2025-03-02 17:24:16
717,613,2025-07-21 16:05:13
718,745,2025-02-09 08:56:53
719,138,2025-05-14 22:29:08
720,72,2025-01-08 15:54:49
721,483,2025-06-10 04:38:56
722,241,2025-06-16 18:09:42
723,491,2025-04-13 17:57:24
724,980,2025-02-09 00:42:02
725,507,2025-05-21 12:41:39
726,140,2025-08-17 17:43:11
727,361,2025-01-24 06:27:00
728,967,2025-01-30 20:10:55
729,205,2025-07-09 22:16:36
730,75,2025-03-24 17:24:56
731,785,2025-05-19 17:13:14
732,995,2025-06-26 03:58:18
733,496,2025-01-08 19:31:32
734,334,2025-02-03 05:35:55
735,322,2025-05-08 01:20:58
736,588,2025-02-19 15:12:05
737,679,2025-03-15 17:44:59
738,14,2025-06-17 17:01:22
739,820,2025-02-05 03:05:30
740,501,2025-08-12 11:18:52
741,338,2025-01-29 09:13:37
742,347,2025-01-11 20:15:17
743,31,2025-01-07 00:37:34
744,412,2025-02-01 12:51:40
745,308,2025-03-01 04:38:12
746,173,2025-03-24 02:32:34
747,660,2025-01-19 19:09:02
748,575,2025-04-20 09:43:37
749,364,2025-04-16 01:16:32
750,501,2025-08-17 12:46:27
751,148,2025-02-18 07:49:40
752,34,2025-04-04 12:45:53
753,138,2025-04-03 21:28:40
754,68,2025-01-20 18:34:49
755,871,2025-06-09 16:12:02
756,860,2025-04-21 18:50:14
757,907,2025-05-22 03:13:23
758,848,2025-08-08 09:38:56
759,482,2025-02-28 15:41:32
760,688,2025-04-14 03:03:26
761,555,2025-04-03 12:43:50
762,219,2025-02-24 08:16:59
763,56,2025-08-03 09:56:48
764,355,2025-01-10 12:54:40
765,355,2025-08-07 17:22:44
766,495,2025-02-22 00:03:27
767,456,2025-01-13 10:53:47
768,130,2025-07-16 16:39:06
769,552,2025-07-26 16:45:56
770,170,2025-07-12 02:50:22
771,995,2025-03-14 04:17:50
772,458,2025-03-07 12:00:27
773,314,2025-05-26 06:08:44
774,316,2025-08-08 01:24:35
775,415,2025-01-11 15:47:40
776,124,2025-03-12 23:25:01
777,732,2025-01-16 19:09:41
778,5,2025-05-23 03:34:22
779,700,2025-01-27 17:49:48
780,75,2025-01-18 19:06:21
781,777,2025-05-29 11:29:11
782,173,2025-03-15 03:58:56
783,792,2025-06-18 12:50:00
784,423,2025-02-15 17:46:41
785,356,2025-06-22 23:26:03
786,321,2025-01-30 21:34:22
787,930,2025-02-23 11:28:35
788,537,2025-02-05 17:30:13
789,71,2025-08-17 22:21:04
790,514,2025-02-06 08:04:02
791,398,2025-08-16 20:32:32
792,192,2025-04-14 22:36:32
793,87,2025-01-24 22:50:55
794,519,2025-03-17 06:23:52
795,56,2025-08-13 23:38:39
796,834,2025-03-02 00:26:58
797,948,2025-04-25 00:41:14
798,203,2025-04-28 19:29:38
799,34,2025-04-17 12:49:10
800,782,2025-07-27 01:22:02
801,336,2025-07-17 23:28:47
802,267,2025-04-18 11:12:35
803,268,2025-07-21 08:13:48
804,873,2025-03-16 07:23:09
805,954,2025-05-02 17:04:48
806,71,2025-04-13 18:38:03
807,711,2025-04-25 15:47:11
808,94,2025-01-09 23:05:26
809,686,2025-03-27 17:41:52
810,452,2025-05-21 23:42:59
811,376,2025-06-13 11:54:27
812,782,2025-01-01 12:30:00
813,609,2025-03-02 15:19:43
814,669,2025-06-20 10:20:03
815,727,2025-07-13 07:29:57
816,722,2025-05-04 14:16:40
817,880,2025-07-17 22:24:30
818,503,2025-04-07 02:22:09
819,592,2025-01-19 14:52:16
820,606,2025-08-07 21:13:08
821,16,2025-05-31 01:20:31
822,48,2025-01-31 06:02:36
823,728,2025-05-25 02:48:24
824,303,2025-02-01 22:18:42
825,782,2025-06-29 16:54:52
826,737,2025-03-10 04:14:40
827,405,2025-06-30 05:36:42
828,759,2025-06-16 04:29:18
829,46,2025-02-09 14:18:02
830,620,2025-04-01 14:22:51
831,789,2025-06-02 10:56:27
832,59,2025-02-27 01:23:33
833,429,2025-03-03 01:01:51
834,45,2025-02-19 17:56:43
835,993,2025-07-24 09:03:35
836,719,2025-05-12 05:28:54
837,157,2025-07-27 12:16:55
838,161,2025-05-20 08:27:21
839,366,2025-02-15 18:19:12
840,177,2025-02-21 15:53:15
841,229,2025-01-01 12:00:02
842,563,2025-07-02 16:40:14
843,473,2025-05-04 06:18:26
844,412,2025-02-07 12:32:34
845,676,2025-02-03 20:07:38
846,418,2025-01-03 20:59:53
847,253,2025-02-03 22:09:06
848,318,2025-01-20 06:51:42
849,778,2025-02-05 18:51:04
850,712,2025-05-20 10:20:27
851,26,2025-04-27 05:04:56
852,290,2025-06-24 22:39:02
853,864,2025-03-21 13:55:25
854,821,2025-01-21 15:44:08
855,802,2025-04-08 10:13:59
856,965,2025-01-25 07:55:08
857,243,2025-05-14 06:14:57
858,315,2025-08-12 04:01:38
859,956,2025-05-09 05:41:40
860,491,2025-01-13 10:43:05
861,738,2025-03-04 12:04:33
862,947,2025-05-08 05:20:35
863,403,2025-06-20 05:23:40
864,109,2025-01-29 17:16:47
865,752,2025-05-05 19:03:53
866,187,2025-04-25 12:11:54
867,936,2025-04-21 00:02:49
868,278,2025-03-09 01:58:55
869,908,2025-04-08 08:45:33
870,530,2025-07-17 21:23:11
871,745,2025-05-25 18:41:26
872,844,2025-06-08 01:41:49
873,570,2025-02-09 23:07:41
874,495,2025-07-07 18:58:31
875,527,2025-02-11 00:38:31
876,821,2025-01-18 04:04:56
877,3,2025-01-12 17:28:56
878,548,2025-01-18 00:03:45
879,283,2025-06-16 21:54:23
880,120,2025-04-17 23:26:47
881,295,2025-06-15 14:06:46
882,953,2025-05-17 13:01:45
883,957,2025-08-15 11:51:02
884,962,2025-01-11 05:56:08
885,452,2025-04-19 08:48:20
886,151,2025-03-25 06:17:55
887,656,2025-08-08 14:48:51
888,790,2025-03-19 03:08:52
889,597,2025-05-16 14:50:41
890,662,2025-08-02 18:22:14
891,533,2025-06-14 08:15:57
892,882,2025-06-02 21:07:50
893,533,2025-06-09 04:13:23
894,985,2025-01-25 23:41:12
895,869,2025-06-11 20:15:02
896,450,2025-04-28 06:17:17
897,654,2025-01-26 08:05:35
898,993,2025-07-21 12:41:23
899,885,2025-07-04 14:23:54
900,386,2025-08-10 17:28:11
901,839,2025-04-27 11:52:32
902,207,2025-07-13 02:08:16
903,394,2025-06-26 05:49:31
904,499,2025-02-27 09:28:05
905,567,2025-04-04 17:02:48
906,664,2025-01-02 01:57:04
907,56,2025-04-05 03:26:22
908,461,2025-01-16 21:54:11
909,118,2025-01-30 09:06:48
910,729,2025-07-14 09:17:22
911,894,2025-07-25 10:02:17
912,429,2025-06-16 16:48:21
913,764,2025-07-25 06:21:35
914,213,2025-08-16 18:54:51
915,39,2025-02-11 13:40:53
916,797,2025-07-16 22:53:12
917,311,2025-03-23 18:22:25
918,293,2025-05-11 07:49:49
919,994,2025-01-09 00:12:05
920,425,2025-08-13 13:25:07
921,495,2025-03-12 15:30:43
922,567,2025-03-22 18:31:24
923,848,2025-03-05 20:28:29
924,769,2025-02-22 14:41:57
925,308,2025-06-19 05:39:18
926,818,2025-05-19 08:15:15
927,568,2025-05-18 11:43:42
928,203,2025-04-20 23:09:12
929,113,2025-02-15 09:04:01
930,882,2025-03-03 06:38:50
931,408,2025-02-08 23:32:35
932,168,2025-02-26 15:39:55
933,43,2025-02-12 12:28:19
934,300,2025-02-25 13:33:19
935,513,2025-05-06 01:43:30
936,791,2025-05-02 09:21:29
937,75,2025-04-10 06:01:24
938,731,2025-04-09 09:14:04
939,494,2025-06-20 18:26:55
940,501,2025-05-31 08:17:18
941,253,2025-07-16 10:56:35
942,885,2025-01-05 16:55:32
943,387,2025-02-15 10:53:52
944,308,2025-07-21 15:36:26
945,961,2025-01-24 19:04:46
946,560,2025-02-08 05:15:56
947,691,2025-06-12 10:32:52
948,76,2025-06-20 02:11:40
949,760,2025-06-09 04:51:28
950,222,2025-01-11 03:29:31
951,967,2025-06-19 15:08:54
952,803,2025-02-09 00:40:01
953,590,2025-06-20 01:13:20
954,374,2025-07-01 15:26:49
955,482,2025-02-13 17:31:23
956,326,2025-01-27 00:34:49
957,399,2025-07-19 22:20:54
958,765,2025-05-11 07:40:54
959,784,2025-02-06 08:09:28
960,575,2025-07-20 10:15:49
961,634,2025-02-07 12:30:53
962,339,2025-03-20 05:11:00
963,44,2025-04-15 19:39:26
964,509,2025-06-12 09:02:21
965,293,2025-01-01 08:29:42
966,149,2025-02-05 07:10:42
967,42,2025-06-30 17:38:16
968,746,2025-01-02 21:31:30
969,974,2025-05-09 18:53:42
970,668,2025-06-16 11:27:05
971,622,2025-01-30 01:32:52
972,593,2025-07-04 05:04:27
973,290,2025-07-01 08:24:47
974,994,2025-01-09 21:11:32
975,896,2025-01-21 09:25:59
976,495,2025-05-04 05:45:56
977,473,2025-03-12 14:01:18
978,204,2025-07-15 13:10:26
979,694,2025-04-04 04:38:45
980,627,2025-03-17 17:49:52
981,343,2025-02-23 12:37:54
982,820,2025-01-17 05:52:44
983,10,2025-03-20 19:07:04
984,654,2025-07-12 21:04:53
985,960,2025-08-12 12:03:39
986,340,2025-07-28 23:54:38
987,597,2025-05-14 02:31:42
988,172,2025-05-29 20:47:04
989,37,2025-01-15 14:19:48
990,125,2025-05-11 19:29:00
991,658,2025-03-19 21:27:19
992,99,2025-04-21 06:48:38
993,476,2025-07-05 22:06:25
994,7,2025-01-29 11:49:55
995,829,2025-07-02 14:54:03
996,604,2025-03-21 14:25:33
997,897,2025-07-14 00:23:20
998,870,2025-07-24 14:37:23
999,811,2025-04-21 00:22:22
1000,255,2025-02-20 09:09:08
