order_id,product_id,quantity
1,84,1
1,804,5
2,113,3
2,262,2
2,683,4
2,924,5
3,718,2
3,860,4
3,984,3
4,768,2
5,18,2
5,130,4
6,367,2
6,369,5
6,581,1
6,679,4
6,781,3
7,110,2
7,836,5
8,17,3
8,150,5
8,313,5
8,755,4
9,71,5
9,216,1
9,287,2
9,304,3
9,379,3
10,725,4
11,188,1
11,437,3
11,623,3
12,7,2
13,30,2
13,243,4
13,423,2
13,843,5
14,126,6
15,323,2
15,342,1
15,356,5
15,630,1
16,144,1
16,505,1
16,610,4
16,704,5
16,968,1
17,253,4
17,505,3
18,217,5
18,232,5
18,315,5
19,556,2
19,681,2
20,105,3
20,128,4
20,340,1
20,770,2
21,22,3
21,242,2
21,883,5
22,533,3
22,866,4
22,963,5
23,755,4
24,261,5
24,361,1
24,466,1
24,824,2
25,18,3
26,1,2
26,32,4
26,55,3
26,898,5
27,13,4
27,49,5
27,120,5
27,467,1
27,594,5
28,235,4
28,470,1
28,781,2
28,935,5
29,475,5
30,352,5
30,560,3
30,626,3
30,730,4
30,847,2
31,156,4
31,253,4
31,691,4
31,796,4
32,496,4
33,189,1
34,600,2
34,732,2
34,767,5
35,174,2
35,328,1
35,494,1
36,241,5
36,374,2
36,916,1
37,52,5
37,860,5
38,265,1
38,303,5
38,723,5
39,292,2
39,314,2
39,400,3
40,743,1
41,32,5
41,145,4
41,573,3
42,591,5
42,601,2
42,617,4
43,231,2
43,236,5
43,408,3
43,592,4
43,819,3
44,225,5
44,228,2
44,604,1
44,799,3
44,898,4
45,245,2
45,625,4
45,629,5
45,789,1
45,829,4
46,674,5
47,457,5
48,410,1
49,495,5
49,802,4
49,861,1
49,930,5
50,190,5
50,295,5
50,839,4
51,104,5
51,788,2
52,341,2
52,399,5
52,488,2
52,636,1
53,198,2
53,233,1
53,508,5
53,545,4
53,622,4
54,211,5
55,704,2
56,578,4
56,610,3
56,722,4
57,99,4
57,464,5
57,915,1
58,438,2
59,75,2
59,284,5
59,869,4
59,975,2
60,148,2
61,434,5
61,652,3
61,664,1
61,960,1
62,437,3
62,673,3
62,889,5
63,82,2
63,233,1
63,602,4
64,400,4
65,127,5
65,341,3
65,560,4
66,51,3
66,136,5
67,107,1
67,352,1
67,845,3
68,248,3
68,344,5
68,656,5
68,721,2
68,767,2
69,77,1
69,365,4
69,487,4
69,549,2
70,213,5
70,331,5
70,350,2
70,982,5
71,740,1
71,800,5
71,849,2
72,297,2
72,605,1
72,607,3
72,647,3
73,823,3
73,831,4
73,972,1
74,447,4
75,768,1
76,444,4
76,459,1
76,737,1
76,829,5
76,832,1
77,447,4
78,383,3
78,605,1
78,685,3
78,783,4
78,974,5
79,655,1
79,880,1
79,901,1
79,985,2
80,432,5
80,850,2
81,36,5
82,281,2
82,496,3
82,656,3
82,947,3
83,924,2
84,418,5
84,657,5
84,688,5
84,760,4
84,764,3
85,251,1
85,290,1
85,431,1
85,753,5
85,889,4
86,44,5
86,83,4
86,512,1
86,833,3
86,968,1
87,947,1
88,411,1
88,690,3
88,722,2
88,970,4
89,408,5
89,597,3
90,6,3
91,460,2
92,402,3
92,604,3
92,609,3
93,320,5
93,390,4
93,400,4
93,840,3
94,15,1
94,389,2
94,505,5
94,744,5
95,643,4
96,807,3
96,831,1
96,913,2
97,252,5
97,339,1
97,586,3
97,730,5
97,962,1
98,429,3
98,532,3
98,670,2
98,734,5
98,835,1
99,131,3
100,290,4
100,352,5
100,850,1
101,169,1
101,230,1
101,666,2
102,496,5
102,508,4
103,313,2
103,510,3
104,77,1
104,348,2
104,544,1
104,787,1
105,460,1
105,518,4
105,632,2
105,965,4
106,128,3
106,303,4
106,701,2
107,186,5
107,747,2
107,859,3
108,3,4
109,51,4
109,54,5
109,351,1
110,56,8
110,450,5
110,471,3
110,776,1
111,85,5
111,410,3
111,716,3
112,94,5
112,259,2
113,157,4
113,637,4
113,816,4
114,606,4
114,944,5
115,145,3
115,542,2
115,575,1
115,757,4
115,868,4
116,2,5
116,51,1
116,174,5
116,281,1
116,907,2
117,291,3
117,294,4
117,614,5
118,439,3
118,714,3
118,899,2
119,41,5
119,251,1
119,617,3
119,716,2
119,899,5
120,378,4
120,380,5
120,611,2
120,965,4
121,809,5
122,111,5
122,252,3
122,611,2
122,618,1
123,57,4
123,139,4
123,498,1
123,878,5
123,928,5
124,225,4
125,110,5
125,810,5
125,852,5
126,99,5
126,308,3
126,681,5
126,946,1
127,92,4
127,132,2
127,411,3
127,747,2
127,887,5
128,160,4
128,509,2
128,634,4
128,781,4
129,208,3
129,312,3
129,379,3
129,403,3
129,692,5
130,229,5
130,793,4
131,429,5
131,631,4
132,647,3
132,747,5
132,760,5
132,930,2
133,245,3
133,282,1
133,598,4
133,684,1
133,775,2
134,177,2
134,503,3
134,589,3
134,689,3
135,210,3
135,258,5
136,376,1
136,388,2
136,629,5
136,730,5
137,200,2
137,966,1
138,405,2
138,441,4
138,707,1
138,760,3
139,255,5
139,433,2
139,737,4
139,868,1
140,347,4
140,547,5
140,665,3
140,724,5
141,260,5
142,165,1
142,310,3
143,46,1
143,316,5
143,696,1
144,789,3
145,199,1
145,333,1
145,647,4
146,175,3
146,686,1
146,772,1
146,881,2
146,904,1
147,111,2
147,536,4
148,137,1
149,225,3
149,329,4
150,28,2
150,154,4
150,541,4
151,160,1
151,208,1
151,519,2
152,670,5
152,965,1
153,169,3
153,288,2
153,296,4
153,622,5
153,732,5
154,551,1
154,764,4
154,867,3
155,34,1
155,263,5
155,416,1
155,716,1
155,858,5
156,531,4
156,810,1
156,853,2
157,161,2
158,33,5
158,173,4
158,567,1
158,737,5
158,814,4
159,403,1
159,545,2
159,940,4
159,975,2
160,23,5
160,108,2
160,193,2
160,227,2
160,765,1
161,545,1
161,825,1
161,877,1
161,965,5
162,898,2
162,955,3
163,732,2
163,896,2
164,106,2
164,131,1
164,556,5
164,962,3
165,294,3
165,454,2
165,653,2
166,972,3
167,28,2
167,440,5
167,898,4
167,1000,1
168,117,2
168,540,4
168,591,5
168,866,1
168,961,2
169,573,1
169,974,2
170,678,5
171,51,5
171,81,5
171,120,1
171,845,1
171,924,5
172,313,4
172,362,4
173,257,5
174,506,4
174,741,5
175,177,4
175,290,5
175,614,4
175,984,4
176,754,3
176,998,2
177,360,5
177,451,4
178,49,4
178,268,5
178,875,5
179,356,4
180,471,5
180,903,3
180,971,5
181,271,4
181,552,1
181,781,3
182,134,2
182,396,2
182,642,5
182,852,4
183,402,4
183,485,3
183,515,3
183,618,4
183,916,2
184,142,5
184,548,1
185,188,2
185,298,5
185,563,4
186,321,5
186,560,3
186,695,3
186,895,2
186,994,5
187,563,5
188,433,3
188,651,1
188,922,1
189,83,3
189,501,4
190,13,1
190,128,2
190,575,4
190,642,1
190,826,1
191,304,4
191,330,4
191,363,1
191,565,2
192,203,2
192,607,3
192,710,1
192,769,3
192,905,5
193,455,3
193,704,5
193,744,2
193,823,1
193,992,3
194,81,3
194,217,3
194,222,3
195,499,4
195,642,4
195,683,5
195,808,5
196,660,4
197,127,2
197,431,1
197,964,4
198,968,1
199,418,2
199,939,4
200,134,1
200,223,3
200,465,1
200,469,3
201,173,5
201,266,3
201,453,3
201,857,3
202,216,4
202,601,4
202,957,5
202,999,3
203,553,2
204,140,4
204,376,4
204,381,2
204,612,1
204,805,5
205,249,5
205,484,5
205,934,1
206,824,1
207,246,2
207,307,4
207,743,4
207,847,1
208,433,2
208,437,1
208,981,2
209,27,1
209,57,4
210,620,3
210,971,5
211,482,1
211,531,3
211,745,2
211,811,5
212,278,2
212,647,4
213,375,1
214,461,5
215,57,4
216,136,5
217,561,4
217,800,3
217,924,1
218,245,2
218,358,1
218,694,5
218,828,4
218,870,5
219,168,4
219,271,4
219,340,3
219,427,1
219,754,1
220,832,3
221,911,1
222,14,4
223,138,5
223,193,1
223,418,2
223,459,5
223,766,4
224,96,1
224,783,4
224,878,3
225,265,4
225,308,3
225,443,5
225,922,3
226,501,4
226,947,5
227,215,1
227,235,3
227,871,1
227,982,3
227,988,4
228,31,2
228,486,5
229,193,1
229,210,5
229,444,2
229,457,4
229,987,5
230,181,1
230,909,5
230,927,4
231,79,1
231,288,5
231,804,3
232,473,2
232,636,1
232,657,1
232,857,3
233,184,3
233,305,1
234,458,5
234,599,5
234,758,2
235,673,1
236,15,4
236,152,1
236,695,5
236,889,3
237,622,1
237,635,1
237,778,5
238,712,4
238,898,1
239,432,1
240,609,2
241,345,4
241,356,4
241,631,4
242,92,5
242,352,1
242,574,1
242,985,4
243,525,5
244,629,1
244,814,1
245,351,4
245,474,3
245,496,1
245,499,4
245,579,2
246,456,3
246,463,2
247,46,5
247,78,1
247,512,2
247,908,3
247,949,2
248,17,5
248,22,2
248,260,5
248,666,2
249,393,2
249,595,1
249,793,2
249,852,2
250,137,3
250,666,1
250,983,4
251,170,1
251,604,2
252,95,3
252,161,3
252,471,3
253,817,4
253,940,3
254,45,2
254,114,1
254,623,4
255,200,5
255,225,1
255,543,1
255,888,2
255,935,2
256,254,1
256,823,3
256,889,3
257,49,5
257,311,2
257,813,3
257,995,4
258,368,1
258,521,2
259,353,5
259,565,1
259,805,4
260,443,4
260,842,5
260,923,2
261,96,2
261,304,5
261,380,3
261,390,5
261,409,5
262,37,3
262,232,1
262,251,1
263,79,2
263,265,3
263,510,4
263,626,2
264,47,4
264,343,2
264,469,4
264,792,4
264,820,1
265,417,4
265,748,2
265,856,4
266,585,1
266,769,5
267,239,3
268,210,5
268,216,4
268,887,1
268,948,2
269,231,5
270,344,5
270,347,4
270,686,2
270,705,3
271,9,3
271,879,4
272,450,4
272,552,1
272,980,4
273,95,2
273,163,4
273,541,2
273,679,1
274,25,4
274,66,4
274,293,4
274,326,1
274,578,4
275,209,5
275,534,4
275,552,3
275,743,4
276,4,4
276,11,1
276,315,4
276,450,3
276,713,3
277,470,5
278,136,3
278,224,4
278,655,1
278,669,3
279,256,1
279,280,2
280,84,3
280,300,3
280,359,5
280,411,2
280,414,5
281,243,3
282,710,4
282,800,1
282,846,1
283,289,1
283,619,4
283,660,3
283,999,4
284,170,1
284,356,3
284,790,4
284,859,5
285,87,4
285,389,3
285,646,1
285,651,3
286,259,4
286,415,5
286,590,2
287,203,2
287,346,2
288,185,5
288,614,2
288,884,2
289,152,3
289,807,4
290,269,2
290,369,1
290,437,1
290,553,3
290,902,2
291,716,1
292,739,5
293,61,2
293,209,1
293,216,4
293,989,5
294,942,4
295,470,3
295,854,1
295,902,2
296,133,1
296,565,3
297,297,5
297,333,5
297,428,4
297,725,5
297,802,2
298,196,2
299,532,3
300,168,2
300,661,3
300,730,5
301,469,2
301,654,4
302,294,2
302,465,2
302,776,3
302,793,1
303,45,4
303,341,5
303,556,4
303,848,4
304,902,2
304,945,1
305,1,4
305,191,3
305,382,4
306,22,5
306,589,5
306,613,1
307,46,4
307,78,5
307,534,1
307,830,4
307,885,4
308,48,5
309,3,3
309,241,3
309,749,2
309,833,4
309,923,5
310,472,3
310,559,2
310,983,5
311,82,4
311,108,3
311,592,5
311,917,3
312,897,1
312,946,4
313,71,3
313,272,3
313,490,1
313,513,5
314,720,4
315,260,1
315,512,3
316,751,1
316,889,2
317,188,5
317,193,4
317,316,2
317,489,5
317,993,4
318,77,3
318,422,5
318,800,1
318,964,4
319,382,3
319,518,5
320,238,3
320,266,5
320,750,3
320,939,5
321,123,2
321,776,1
322,621,2
322,705,1
322,989,5
323,102,4
323,237,4
323,525,2
324,149,2
324,379,1
324,469,5
325,461,2
325,690,5
325,997,2
326,368,3
327,154,5
327,745,2
328,573,5
329,435,3
329,673,3
329,762,4
329,771,5
329,972,1
330,402,5
331,120,1
331,379,4
331,691,5
331,824,1
331,940,1
332,680,1
332,992,3
333,839,2
333,909,1
333,999,3
334,239,4
334,403,1
334,505,1
334,828,3
335,398,3
336,882,3
337,605,3
338,35,4
338,489,3
338,560,2
338,985,5
339,69,1
339,701,2
340,85,1
340,153,4
340,901,5
341,235,5
341,369,1
341,616,4
341,675,4
342,84,4
342,373,4
342,383,2
342,661,4
342,831,3
343,191,1
343,453,5
343,791,4
343,832,3
343,987,4
344,911,2
345,380,2
345,460,4
345,985,1
346,154,3
346,858,1
347,193,1
347,848,4
347,963,1
348,38,2
348,43,2
348,929,3
349,33,3
349,46,3
349,760,4
349,999,4
350,346,5
350,376,2
350,503,2
351,92,1
351,120,1
351,865,3
351,994,2
352,574,2
352,743,1
352,956,1
353,239,2
353,366,5
353,460,5
353,568,3
353,578,3
354,470,4
354,557,1
355,388,4
355,544,4
356,1000,2
357,648,2
357,733,5
357,867,4
358,205,2
359,873,5
359,931,1
360,15,5
360,546,5
361,19,5
361,140,1
361,143,2
361,186,4
361,229,3
362,180,4
362,323,2
362,438,4
362,778,4
362,987,2
363,124,3
363,148,1
363,400,2
363,774,5
363,879,2
364,162,1
365,665,2
366,700,3
366,920,2
367,73,3
367,137,5
367,725,1
368,2,5
368,508,1
368,802,4
368,817,1
368,846,2
369,10,4
370,302,1
370,743,5
370,967,5
371,210,2
371,927,5
372,227,1
372,563,2
372,809,4
373,136,4
373,615,4
373,631,2
373,805,5
374,194,1
374,539,1
375,364,3
375,428,2
375,937,1
375,941,3
376,71,2
376,320,2
376,791,3
376,924,1
377,640,4
377,839,4
378,18,3
378,123,5
378,714,1
378,735,2
379,268,4
379,271,3
379,664,2
379,706,2
379,852,3
380,213,2
380,277,1
380,497,2
381,738,2
381,745,1
381,795,3
381,891,5
381,944,3
382,700,5
382,838,4
382,947,1
382,958,5
382,967,2
383,651,5
384,513,5
384,588,5
385,556,5
385,566,5
385,807,2
386,178,4
386,750,2
386,979,5
387,764,1
388,420,5
388,502,4
388,579,3
388,666,4
388,698,5
389,351,3
389,371,3
389,879,2
390,385,4
390,734,4
390,982,3
391,158,3
391,273,2
391,672,1
391,680,2
391,974,1
392,378,5
392,824,3
392,855,2
392,924,2
392,993,1
393,171,1
393,272,5
393,473,1
393,554,2
393,654,2
394,205,3
394,322,4
394,355,4
394,969,1
394,983,2
395,130,1
395,652,2
396,253,2
397,486,4
397,721,4
397,941,2
398,337,5
399,153,1
399,533,3
399,915,4
399,967,3
400,656,4
400,800,5
400,962,4
401,160,5
402,269,4
402,627,2
402,952,2
403,279,4
403,300,1
403,619,3
403,701,4
404,107,3
404,186,2
404,607,4
405,54,4
405,735,5
406,21,4
406,197,3
406,351,1
406,511,2
406,722,4
407,87,3
407,234,3
407,424,1
407,519,4
407,653,5
408,630,3
409,948,4
410,232,4
410,610,3
411,549,1
411,690,5
411,779,5
411,985,2
412,306,5
412,393,1
412,447,3
412,772,3
412,983,4
413,234,1
414,177,3
414,321,3
414,861,1
414,936,3
414,987,2
415,334,1
415,393,2
415,933,4
416,443,2
416,805,2
417,151,5
417,189,3
417,238,2
417,607,5
418,655,4
419,706,1
420,144,5
420,401,1
420,723,5
420,950,2
421,164,4
421,811,3
422,224,1
422,252,3
422,474,5
422,832,3
422,952,4
423,139,2
423,539,5
423,635,4
424,646,1
425,126,2
425,201,2
425,319,3
425,334,4
425,779,5
426,106,2
426,147,4
426,664,1
426,776,2
427,16,2
427,147,3
427,887,1
428,448,1
428,793,3
428,794,4
429,148,3
429,323,5
430,211,1
430,419,2
430,952,2
431,516,4
431,726,1
432,482,2
432,616,3
432,659,5
432,685,4
433,130,3
433,353,1
434,871,3
434,886,4
435,92,5
435,115,1
435,373,3
435,862,1
436,88,5
436,466,5
436,566,1
436,585,1
436,770,4
437,221,4
437,293,4
437,532,1
437,581,5
437,616,4
438,109,2
438,251,2
438,519,4
438,885,3
438,897,3
439,53,2
439,443,4
439,873,4
439,880,1
439,962,3
440,275,2
441,87,4
441,411,2
441,628,3
441,796,5
442,45,5
442,295,5
442,937,5
442,962,5
443,846,1
443,915,5
444,414,4
444,818,5
444,869,2
444,894,1
445,457,2
445,605,1
445,861,5
445,986,1
446,255,4
446,820,3
446,823,3
447,550,1
447,600,1
447,629,1
448,82,3
448,522,3
448,757,2
448,1000,4
449,488,5
449,859,5
450,140,4
451,68,1
451,569,5
451,719,4
451,783,5
451,971,1
452,869,5
452,889,4
453,602,1
454,630,2
454,826,2
454,828,4
455,651,5
455,843,3
455,948,5
456,147,5
456,223,5
456,927,4
457,990,2
458,388,1
458,487,2
459,71,2
459,369,4
459,790,2
459,805,5
459,822,2
460,646,4
460,887,3
461,530,2
462,221,2
462,426,2
462,548,1
463,19,3
463,74,2
464,151,3
464,782,3
465,371,2
465,523,4
465,813,3
466,133,4
466,258,5
466,551,5
466,730,3
466,775,5
467,171,3
467,713,1
467,957,2
468,215,2
468,239,3
468,817,5
468,926,3
469,430,1
469,508,3
469,725,5
469,731,5
469,902,2
470,25,5
470,477,1
470,679,2
470,696,2
471,278,1
471,552,4
472,95,2
472,141,5
472,204,3
472,421,1
473,284,3
473,542,4
474,18,2
474,253,5
474,266,2
474,656,2
474,884,4
475,12,5
475,374,1
475,894,1
476,68,2
476,484,2
476,565,3
477,125,3
477,192,1
477,195,2
477,304,2
477,875,1
478,5,2
478,684,1
479,689,5
479,753,5
479,813,5
479,918,3
479,1000,3
480,891,4
481,62,5
481,70,2
481,434,2
481,775,1
481,866,2
482,56,3
482,268,4
482,872,5
482,958,4
483,211,2
483,283,3
484,582,4
485,46,1
485,197,1
485,251,4
485,334,1
486,249,2
487,108,4
487,113,2
487,283,1
487,475,5
487,752,5
488,170,5
488,461,4
488,605,4
488,606,3
488,995,2
489,148,2
489,343,3
489,410,3
489,465,2
489,469,1
490,295,2
491,813,5
491,969,5
492,401,5
492,525,2
492,758,1
492,856,2
492,862,1
493,258,1
493,362,5
493,429,1
494,56,3
494,277,2
494,582,2
494,777,1
494,842,3
495,172,1
495,350,3
496,170,1
496,588,1
496,614,1
497,90,2
498,916,1
499,436,2
500,89,4
500,478,5
500,539,4
501,104,2
501,375,4
501,575,1
501,849,1
501,972,1
502,151,4
502,515,4
502,665,4
503,493,2
503,916,3
504,486,2
505,495,2
505,624,3
505,744,3
505,936,4
506,381,5
506,528,5
506,536,3
506,540,2
507,232,5
507,258,2
508,338,5
509,99,4
509,116,5
509,712,1
509,803,3
509,986,2
510,160,4
510,433,1
510,992,1
511,78,5
512,305,4
512,774,4
513,482,2
513,958,1
513,982,5
514,5,1
514,84,2
514,618,5
515,296,3
515,664,3
516,953,2
517,306,3
518,28,1
518,111,3
518,584,3
518,818,3
518,833,1
519,16,1
519,189,3
519,686,1
519,863,1
520,274,1
520,302,1
520,549,5
520,585,2
520,783,3
521,419,3
521,433,4
521,437,3
522,600,4
522,701,3
522,848,3
523,935,5
523,961,5
524,270,2
524,271,2
524,502,5
524,518,2
524,726,3
525,78,2
525,250,4
525,311,4
525,915,2
526,55,1
526,275,4
526,367,1
526,483,2
527,481,5
528,243,3
528,508,1
528,693,2
528,930,2
529,193,1
529,194,1
530,124,5
530,648,4
530,687,4
530,980,2
531,95,5
531,296,1
531,299,4
531,866,1
532,19,2
532,121,4
532,227,1
532,666,5
532,926,2
533,351,5
533,390,4
534,46,1
534,244,1
534,703,4
534,792,2
534,873,2
535,650,3
535,999,4
536,12,4
537,246,2
537,931,4
537,974,1
538,827,3
539,403,3
539,432,5
539,490,1
539,569,2
539,765,5
540,365,4
541,239,2
541,281,3
541,463,5
541,631,2
541,946,3
542,20,5
542,126,5
542,504,1
542,924,3
542,940,3
543,147,5
543,651,4
543,990,1
544,233,1
544,480,1
544,496,4
544,688,4
544,988,4
545,370,3
545,685,4
546,127,4
546,213,2
546,929,3
547,963,5
548,175,3
549,124,5
549,138,1
549,460,5
549,914,1
550,549,2
550,721,2
550,790,2
551,400,1
551,407,1
551,626,2
551,709,3
551,943,3
552,536,4
553,354,3
553,562,1
554,70,2
554,294,1
554,568,4
554,780,1
554,948,1
555,14,1
556,149,2
556,264,1
556,597,4
556,626,5
556,782,1
557,99,4
557,419,4
557,476,4
557,723,2
558,54,4
558,100,4
558,385,4
558,487,5
558,822,5
559,370,4
559,759,5
559,967,3
560,964,4
561,152,5
561,546,2
561,559,3
561,776,4
561,818,4
562,525,4
562,933,4
563,65,4
563,162,3
563,244,3
563,281,2
563,787,4
564,83,5
564,822,2
564,830,3
564,832,1
564,929,2
565,435,2
566,658,3
567,349,1
567,757,4
567,775,2
568,614,5
568,922,5
569,22,1
569,166,1
569,320,2
569,949,5
570,434,2
571,864,2
572,211,2
572,225,4
572,250,2
572,253,2
572,262,5
573,284,5
574,203,3
574,330,3
574,335,2
574,389,4
575,127,5
575,555,3
575,593,3
575,875,1
576,55,3
576,145,3
576,341,3
576,984,2
577,57,1
577,96,4
577,200,4
577,218,3
577,797,5
578,960,3
578,991,2
579,267,3
579,427,3
579,550,1
579,919,5
580,290,3
580,747,5
581,190,2
581,361,4
581,740,3
582,258,1
583,339,1
583,532,3
583,646,4
583,861,1
584,470,4
585,65,1
585,594,4
585,727,5
586,57,5
586,805,4
586,811,4
587,282,4
587,552,5
587,557,1
587,801,5
588,57,2
588,241,3
588,248,3
589,454,1
590,315,4
591,124,3
591,397,5
591,469,2
591,498,4
592,71,3
592,578,4
592,610,3
592,784,2
593,522,4
593,581,5
594,41,4
594,366,1
595,146,1
595,163,4
595,846,3
595,849,3
595,1000,5
596,329,3
596,424,4
596,517,1
597,566,3
597,666,4
597,815,4
598,138,1
598,495,4
598,676,2
598,990,4
599,276,1
599,559,4
599,601,3
600,99,1
600,447,2
600,454,1
600,794,5
600,906,3
601,408,4
601,895,5
602,84,2
602,750,1
603,120,5
603,402,4
603,976,2
604,193,3
604,266,1
604,534,1
605,60,4
605,396,4
605,425,5
605,483,3
605,922,3
606,500,1
606,674,1
606,743,1
606,814,4
607,642,4
607,843,5
608,159,3
608,443,2
608,445,1
608,512,5
609,340,2
609,414,3
609,445,5
609,608,4
609,670,3
610,729,5
610,975,2
611,216,2
611,348,2
611,508,1
611,994,3
612,933,4
613,38,3
614,301,2
614,335,1
614,943,3
615,26,2
615,257,3
615,310,1
615,672,2
616,123,3
616,216,3
616,594,2
616,687,1
616,933,5
617,166,2
617,399,1
617,427,5
617,696,5
617,780,5
618,184,2
618,420,1
618,478,3
618,777,3
618,799,1
619,362,4
620,179,5
620,190,1
621,525,5
621,638,3
621,970,2
622,210,3
622,329,1
622,533,4
622,639,3
622,920,3
623,60,5
623,230,2
623,495,3
623,828,1
624,330,1
624,722,4
625,285,1
625,811,4
625,942,5
626,172,2
626,301,1
626,380,4
626,742,4
627,3,1
627,246,4
627,345,5
628,445,1
628,536,5
628,791,1
629,86,2
630,598,2
631,421,2
631,529,1
631,585,4
632,2,2
632,155,2
632,403,1
632,835,2
632,872,4
633,372,4
634,178,4
634,587,2
635,561,4
636,737,5
637,16,4
637,721,2
638,26,1
638,430,2
639,23,4
639,25,3
639,487,1
639,968,1
639,983,3
640,13,2
640,197,1
640,399,5
641,776,5
642,447,2
642,541,2
642,888,2
642,946,5
642,975,1
643,250,1
643,511,4
643,541,2
644,101,2
644,587,1
644,685,1
644,924,2
645,242,4
645,384,1
645,440,5
645,474,3
645,478,3
646,76,1
646,434,3
646,774,5
647,784,3
648,163,2
648,615,4
649,83,2
649,297,4
649,381,5
649,705,3
650,288,4
650,345,2
650,447,5
650,517,4
650,840,2
651,248,5
651,440,3
651,717,4
651,745,3
651,809,3
652,330,2
652,406,5
652,486,3
652,860,1
653,96,1
653,608,2
653,691,2
653,866,4
653,936,4
654,16,1
654,483,5
654,613,5
654,717,5
654,939,5
655,492,3
656,822,4
657,320,3
657,387,1
657,723,1
657,948,3
657,989,5
658,38,2
658,330,2
658,402,1
658,467,4
658,646,3
659,464,3
659,557,1
659,823,5
659,983,1
660,75,1
660,305,5
660,966,2
661,223,3
661,265,1
661,422,1
661,474,1
662,78,4
663,79,5
663,513,2
663,571,5
664,178,1
664,928,2
664,943,3
664,987,4
665,86,4
665,214,5
665,240,1
665,515,4
665,676,5
666,251,2
666,675,3
666,762,4
667,281,1
667,739,4
668,607,2
668,978,1
669,201,4
669,885,3
670,206,3
670,411,4
670,418,5
671,65,4
671,87,3
671,129,4
671,154,1
671,654,1
672,183,5
672,321,1
672,441,5
672,670,5
672,880,3
673,945,4
673,970,5
674,52,4
674,317,4
674,632,1
674,687,1
674,722,1
675,57,1
675,68,3
675,87,1
675,308,5
675,871,3
676,44,3
676,94,1
677,93,2
677,425,2
677,565,2
677,588,1
678,735,3
679,127,5
679,282,4
679,315,5
679,975,5
680,34,3
680,284,5
680,886,1
681,66,4
681,682,4
681,767,5
682,86,3
682,136,3
682,617,3
683,224,3
683,370,5
683,659,4
683,728,1
683,846,4
684,278,4
684,347,3
684,423,3
684,679,5
684,707,4
685,136,4
685,330,3
685,556,3
685,613,4
686,268,2
686,509,5
687,24,1
687,275,1
687,427,4
687,457,3
687,969,3
688,858,2
689,43,2
689,522,1
689,903,2
690,794,4
690,980,2
691,290,4
691,413,4
691,583,2
691,860,6
692,185,3
693,969,5
694,449,3
695,319,1
695,403,1
696,842,3
697,475,2
697,680,1
697,682,5
697,885,1
698,45,5
698,396,1
698,911,3
699,233,4
699,369,1
699,421,1
699,537,3
699,840,2
700,19,2
700,276,3
700,407,5
701,205,4
701,627,5
701,686,2
702,32,4
702,157,1
702,272,5
702,572,5
702,669,5
703,38,1
703,391,5
703,492,5
703,644,5
703,775,5
704,115,5
704,516,1
705,16,2
705,86,2
705,969,1
706,296,5
707,80,3
707,299,4
707,716,3
708,283,1
708,392,2
708,656,4
709,692,4
710,236,4
710,398,1
710,467,1
710,624,5
710,801,4
711,25,2
711,93,1
711,111,2
711,551,5
711,940,4
712,533,1
713,79,5
713,592,1
713,907,2
714,438,5
714,716,4
715,132,1
715,207,2
715,871,3
716,471,5
716,526,1
716,562,4
716,835,1
717,64,3
717,527,1
717,587,5
717,678,4
718,235,2
718,606,2
718,779,1
718,824,5
718,967,1
719,254,1
720,98,3
720,217,5
720,411,4
720,554,4
720,944,4
721,108,2
721,746,3
721,774,1
721,797,4
721,941,5
722,106,5
722,596,4
722,653,1
722,986,1
723,14,1
724,871,5
725,337,3
725,913,5
726,420,1
726,509,5
726,867,4
727,135,4
727,198,5
727,430,4
727,558,5
727,842,5
728,113,3
728,228,2
728,317,2
728,457,5
729,207,3
729,422,2
729,460,2
729,551,5
730,90,5
730,184,2
730,785,1
730,790,3
730,924,4
731,29,4
731,281,5
731,321,2
731,596,5
732,8,4
733,58,2
733,494,2
734,22,2
734,150,2
734,321,2
734,495,1
734,743,3
735,204,3
735,810,2
736,454,2
737,911,4
738,25,4
738,234,4
738,556,5
738,646,4
739,351,1
740,75,2
740,161,4
741,588,2
741,821,1
741,952,3
742,188,4
742,249,5
742,590,4
742,703,2
742,847,2
743,21,4
743,227,2
743,514,3
743,815,2
744,85,2
744,224,3
744,559,5
744,787,3
745,152,5
745,243,1
745,297,5
745,326,1
745,996,5
746,83,3
746,429,2
747,213,2
747,726,1
748,58,2
748,258,5
748,301,1
748,668,4
748,962,2
749,185,5
749,229,1
749,690,3
749,856,3
749,867,4
750,146,1
750,440,2
750,650,4
751,214,3
751,360,3
751,441,1
751,511,1
752,86,4
752,870,1
753,29,4
753,52,2
753,262,5
753,385,1
753,700,4
754,840,4
754,985,3
755,476,3
756,110,4
756,121,4
756,520,5
757,78,4
757,653,4
758,277,1
758,387,1
758,757,4
759,415,2
759,969,4
760,76,3
760,733,5
760,827,3
760,953,2
761,613,3
761,687,1
762,72,1
762,278,1
763,224,4
764,416,1
764,716,3
764,872,4
765,143,5
765,446,3
765,728,5
765,789,1
765,938,4
766,495,5
766,574,3
766,613,5
766,761,3
766,953,1
767,289,3
767,304,4
767,411,1
767,518,3
767,751,5
768,140,5
768,631,4
768,776,2
768,891,2
768,934,1
769,148,4
769,581,1
769,724,3
770,88,4
770,886,3
770,895,1
771,15,3
771,139,5
771,619,5
772,89,1
772,529,3
772,575,2
772,681,4
772,922,5
773,566,2
774,443,5
774,838,3
775,469,4
775,552,3
776,46,2
776,334,1
776,986,3
777,31,2
777,324,1
777,383,5
777,741,5
778,513,3
778,515,4
778,539,1
778,648,3
778,787,2
779,715,4
780,101,5
780,900,4
781,930,1
782,454,1
783,600,2
783,693,2
783,878,3
784,32,4
784,596,3
784,836,4
785,8,3
785,10,4
785,329,4
785,437,3
785,902,4
786,180,2
786,253,4
786,256,1
786,393,2
787,130,4
787,471,1
787,793,5
788,788,2
789,119,5
789,358,2
789,380,8
789,654,5
790,20,4
790,406,5
790,484,2
790,518,3
790,589,5
791,506,2
791,733,5
792,146,1
792,323,3
792,599,3
792,793,1
792,927,2
793,421,4
794,130,1
794,447,3
794,562,2
794,594,4
794,907,5
795,129,3
795,146,1
795,736,3
795,898,5
795,942,4
796,155,4
796,270,2
796,646,5
796,882,3
797,273,3
797,399,1
797,474,4
797,772,5
797,903,2
798,742,2
799,849,1
800,38,1
800,619,4
801,425,5
801,496,3
801,718,3
801,912,2
801,923,5
802,177,1
802,213,5
802,248,5
802,407,5
802,661,4
803,76,4
804,48,5
804,307,5
804,607,5
805,181,3
805,769,2
805,789,5
805,950,5
806,157,2
806,904,4
806,994,5
807,19,1
807,229,3
807,356,2
807,619,4
807,865,5
808,407,3
808,630,3
808,674,5
809,127,2
809,164,5
809,807,4
810,176,5
810,453,4
810,705,3
810,776,4
810,920,2
811,758,3
811,759,3
811,913,5
811,943,1
812,762,3
812,848,3
813,29,4
813,50,5
813,372,5
813,944,2
814,191,2
814,363,5
814,413,4
814,721,3
815,63,1
815,393,2
815,454,5
815,608,4
815,716,4
816,42,1
816,983,2
817,5,5
817,672,3
817,964,2
818,140,3
818,399,2
819,469,5
819,701,4
820,12,3
820,267,4
820,333,5
820,721,5
820,844,1
821,12,4
821,231,4
821,819,2
821,831,2
822,285,1
822,676,3
823,14,3
823,771,3
824,131,4
824,427,4
825,341,3
825,407,5
826,407,2
827,198,5
827,308,3
827,688,4
828,5,4
828,181,4
828,230,3
828,237,1
828,391,3
829,313,1
829,438,4
829,506,2
829,805,5
829,973,3
830,746,5
831,559,5
832,114,1
832,641,3
833,293,3
833,519,5
833,612,5
833,615,2
834,232,2
834,515,2
835,120,4
836,26,3
836,649,1
836,711,5
837,594,2
838,587,3
838,978,4
839,106,1
839,194,1
839,343,5
839,911,1
840,15,5
840,145,3
840,312,5
840,844,3
841,102,1
841,402,1
841,498,5
841,759,3
841,860,1
842,328,2
842,715,4
843,123,1
843,305,5
843,631,1
843,855,5
844,820,1
845,72,4
845,78,4
845,936,1
846,28,5
846,644,5
846,645,3
846,805,4
846,990,3
847,577,4
848,738,3
848,851,2
849,50,4
849,639,2
849,956,3
849,993,3
850,235,3
850,548,2
850,852,1
850,999,1
851,182,5
852,25,2
852,79,1
852,371,4
852,895,5
853,225,1
854,26,1
854,59,4
855,72,4
855,408,4
855,421,5
855,520,1
856,469,4
856,529,2
856,619,5
856,641,4
856,952,1
857,2,4
857,243,3
857,329,5
857,783,2
857,887,2
858,532,1
858,928,1
859,85,1
859,487,1
859,628,2
860,210,3
860,579,3
860,714,5
860,726,3
860,862,2
861,84,1
861,478,1
861,998,5
862,326,5
862,363,4
862,533,5
862,694,1
862,883,1
863,399,2
863,772,1
864,33,5
864,451,2
864,540,3
864,637,1
864,644,2
865,19,5
865,141,2
865,917,4
866,535,2
867,102,4
867,234,3
867,561,5
867,580,3
867,863,3
868,97,1
869,261,2
869,877,1
869,943,1
869,963,4
870,757,2
871,812,2
872,144,3
872,804,1
872,950,2
873,708,4
873,851,4
874,858,5
875,288,2
875,428,4
875,602,4
875,745,3
875,802,1
876,258,2
876,398,2
876,543,4
877,332,1
877,582,2
878,92,4
878,275,5
878,881,4
878,992,2
879,320,1
879,402,1
879,574,3
879,827,5
880,369,4
880,713,5
881,196,5
882,932,2
882,944,4
882,964,2
882,969,3
883,487,3
883,594,4
883,853,5
884,543,5
884,723,5
884,776,5
884,778,4
885,185,5
885,424,2
885,492,5
885,885,3
886,417,3
886,816,1
887,139,4
887,293,3
887,473,4
887,582,3
887,998,3
888,281,5
888,848,3
889,293,3
889,353,1
889,452,1
889,496,2
889,532,5
890,170,5
890,278,3
891,141,4
891,193,2
891,346,5
891,657,4
891,905,5
892,180,4
892,228,1
892,625,5
892,883,3
893,446,3
893,473,5
893,522,2
893,794,3
894,136,3
894,459,1
894,552,5
895,6,2
895,486,5
895,659,3
895,824,3
895,894,1
896,209,4
896,340,3
896,409,2
896,469,5
896,742,3
897,102,3
897,306,3
897,340,1
898,273,5
899,141,3
899,405,5
899,844,1
900,386,2
900,689,3
901,304,5
901,912,4
902,494,5
902,661,4
902,821,4
903,40,2
903,248,2
903,300,2
903,347,2
903,624,3
904,312,5
904,473,1
904,983,5
905,336,5
905,533,2
905,655,4
905,881,5
906,336,3
907,21,2
907,83,2
907,92,3
907,678,3
908,255,4
908,309,3
908,489,1
908,836,3
908,900,1
909,499,3
909,528,2
909,933,2
910,473,4
911,177,2
911,238,5
911,765,3
911,810,2
912,106,5
912,125,4
912,333,2
912,402,1
912,734,4
913,296,1
913,587,5
913,602,4
913,869,3
913,961,2
914,239,2
914,458,3
914,474,3
915,574,3
916,239,1
916,952,2
916,964,3
916,972,5
917,44,1
917,56,3
917,778,4
918,950,3
919,21,2
919,833,2
920,268,1
920,466,4
920,735,2
920,737,4
920,998,4
921,167,4
921,406,4
921,638,1
921,766,3
922,712,2
923,339,1
924,210,3
924,462,4
924,517,3
924,934,5
925,872,5
926,534,5
927,426,4
927,872,4
927,991,5
928,179,2
928,203,5
928,458,1
929,378,4
929,830,1
930,678,4
931,45,4
931,127,3
931,771,4
931,830,4
931,994,3
932,693,3
932,982,4
933,28,5
933,74,5
933,377,4
933,691,4
933,698,5
934,474,1
934,543,4
935,96,4
935,151,5
935,263,5
935,408,1
935,863,2
936,36,2
936,397,2
936,650,4
936,717,3
937,467,4
937,830,5
937,930,2
938,611,4
938,692,5
938,924,1
939,96,1
940,758,2
941,338,3
942,437,1
943,792,3
944,587,1
944,664,5
944,968,2
945,21,2
945,144,1
945,272,3
945,935,5
946,491,2
946,656,3
947,161,3
947,177,2
948,135,1
948,279,5
948,373,5
948,634,5
948,766,3
949,262,4
949,299,2
950,169,2
950,729,2
950,738,2
950,944,3
950,969,2
951,21,2
951,657,5
951,986,4
952,37,2
952,861,1
953,76,3
953,86,5
953,462,4
953,573,5
953,759,5
954,312,5
954,384,5
954,628,2
954,893,2
955,119,1
955,280,3
955,384,4
955,530,4
955,897,3
956,80,2
956,392,3
956,552,5
956,661,5
957,479,2
957,804,1
957,911,2
958,545,4
958,737,1
958,968,2
959,87,1
959,530,2
959,759,2
960,4,5
960,139,4
960,576,2
960,673,5
960,935,1
961,254,5
962,123,5
962,647,1
962,716,3
962,853,5
963,220,1
963,552,1
964,180,3
964,225,2
964,350,3
964,928,5
964,984,5
965,21,2
965,514,1
965,815,1
965,882,2
966,192,4
967,326,2
968,449,3
969,8,1
969,462,3
969,703,3
970,185,3
970,416,2
970,419,2
970,463,5
970,736,3
971,170,5
971,264,3
971,444,2
972,294,3
972,948,5
972,977,3
972,983,2
973,86,2
973,168,5
973,300,4
973,510,2
973,872,3
974,148,3
975,435,3
975,532,5
975,616,3
976,95,2
977,920,4
978,277,4
978,563,4
978,782,5
979,27,5
979,588,2
979,822,5
980,345,5
980,516,4
980,652,1
980,847,1
981,136,4
981,831,4
981,931,2
981,991,1
982,180,3
982,450,2
982,535,3
982,612,5
983,494,2
983,616,2
984,10,3
984,386,2
984,639,3
984,720,4
984,765,3
985,286,5
985,295,4
985,318,3
985,319,3
985,951,1
986,296,1
986,420,3
986,596,4
986,990,5
987,419,4
987,504,4
987,649,2
987,827,4
987,917,1
988,267,2
988,494,4
988,736,2
989,175,3
989,614,4
990,446,3
990,620,1
990,979,4
991,16,2
991,619,5
991,916,2
992,142,5
992,449,1
992,545,1
992,553,4
993,79,2
993,788,4
993,891,3
994,63,2
994,231,1
994,307,4
994,311,5
994,778,2
995,41,5
996,530,2
996,569,3
996,850,1
996,874,1
996,957,2
997,227,4
997,230,5
997,274,1
997,285,3
997,620,5
998,294,5
998,472,5
998,658,2
998,976,3
999,308,3
999,479,4
999,484,5
999,795,2
1000,173,2
